ab_people_rate,cn_count,cn_rate,crawled,fulltime_rate,spider,street_code,white_rate
0.223,1,0.003,,0.5,,rg121jf,0.877
0.131,,,,0.301,,rg20ad,0.541
0.223,1,0.003,,0.5,,rg121jz,0.877
0.235,7,0.023,,0.458,,rg20af,0.752
0.376,11,0.04,,0.565,,rg20ag,0.606
0.248,7,0.02,,0.44,,rg121jr,0.914
0.103,,,,0.31,,rg20ah,0.58
0.374,,,,0.767,,rg20al,0.709
0.087,,,,0.462,,rg121jg,0.91
0.202,3,0.01,,0.422,,rg20aa,0.726
0.131,,,,0.301,,rg20aq,0.541
0.374,,,,0.767,,rg20aj,0.709
0.087,,,,0.462,,rg121jx,0.91
0.437,3,0.011,,0.621,,rg20at,0.684
0.087,,,,0.462,,rg121ln,0.91
0.131,,,,0.301,,rg20aw,0.541
0.159,,,,0.419,,rg20au,0.636
0.087,,,,0.462,,rg121lb,0.91
0.131,,,,0.301,,rg20ap,0.541
0.4,,,,0.689,,rg20ae,0.626
0.225,1,0.003,,0.406,,rg20ax,0.633
0.235,7,0.023,,0.458,,rg20bb,0.752
0.376,11,0.04,,0.565,,rg20be,0.606
0.295,,,,0.702,,rg121lf,0.905
0.235,7,0.023,,0.458,,rg20ba,0.752
0.131,,,,0.301,,rg20ab,0.541
0.38,5,0.013,,0.54,,rg20bj,0.625
0.376,11,0.04,,0.565,,rg20az,0.606
0.39,1,0.003,,0.637,,rg20bn,0.803
0.212,12,0.047,,0.339,,rg20ay,0.599
0.225,1,0.003,,0.406,,rg20bd,0.633
0.087,,,,0.462,,rg121hx,0.91
0.159,,,,0.419,,rg20bt,0.636
0.149,,,,0.431,,rg20bf,0.698
0.087,,,,0.462,,rg121hb,0.91
0.283,,,,0.463,,rg20by,0.541
0.212,12,0.047,,0.339,,rg20ar,0.599
0.149,,,,0.431,,rg20da,0.698
0.149,,,,0.431,,rg20db,0.698
0.159,,,,0.419,,rg20bz,0.636
0.38,5,0.013,,0.54,,rg20bh,0.625
0.159,,,,0.419,,rg20dd,0.636
0.374,,,,0.767,,rg20bs,0.709
0.159,,,,0.419,,rg20dg,0.636
0.087,,,,0.462,,rg121lp,0.91
0.4,,,,0.689,,rg20dj,0.626
0.159,,,,0.419,,rg20dl,0.636
0.159,,,,0.419,,rg20bx,0.636
0.159,,,,0.419,,rg20dn,0.636
0.394,4,0.015,,0.416,,rg20dr,0.657
0.394,4,0.015,,0.416,,rg20dp,0.657
0.159,,,,0.419,,rg20bw,0.636
0.087,,,,0.462,,rg121jh,0.91
0.374,,,,0.767,,rg20ds,0.709
0.345,9,0.021,,0.42,,rg20dx,0.641
0.149,,,,0.431,,rg20de,0.698
0.149,,,,0.431,,rg20df,0.698
0.433,3,0.012,,0.544,,rg20bq,0.644
0.34,2,0.007,,0.517,,rg20bg,0.549
0.376,11,0.04,,0.565,,rg20as,0.606
0.212,12,0.047,,0.339,,rg20ed,0.599
0.103,,,,0.31,,rg20ef,0.58
0.159,,,,0.419,,rg20bp,0.636
0.103,,,,0.31,,rg20bu,0.58
0.212,12,0.047,,0.339,,rg20eg,0.599
0.103,,,,0.31,,rg20ea,0.58
0.394,4,0.015,,0.416,,rg20dt,0.657
0.148,2,0.005,,0.427,,rg20en,0.592
0.225,1,0.003,,0.406,,rg20ej,0.633
0.376,11,0.04,,0.565,,rg20eb,0.606
0.39,1,0.003,,0.637,,rg20bl,0.803
0.437,3,0.011,,0.621,,rg20dq,0.684
0.148,2,0.005,,0.427,,rg20et,0.592
0.351,6,0.019,,0.477,,rg20eu,0.702
0.351,6,0.019,,0.477,,rg20ex,0.702
0.148,2,0.005,,0.427,,rg20ey,0.592
0.422,3,0.012,,0.505,,rg20ew,0.78
0.103,,,,0.31,,rg20ez,0.58
0.374,,,,0.767,,rg20fb,0.709
0.433,3,0.012,,0.544,,rg20fd,0.644
0.374,,,,0.767,,rg20fe,0.709
0.148,2,0.005,,0.427,,rg20er,0.592
0.103,,,,0.31,,rg20dy,0.58
0.103,,,,0.31,,rg20ee,0.58
0.246,2,0.007,,0.555,,rg20fl,0.627
0.246,2,0.007,,0.555,,rg20fj,0.627
0.433,3,0.012,,0.544,,rg20fh,0.644
0.202,3,0.01,,0.422,,rg20dw,0.726
0.345,9,0.021,,0.42,,rg20el,0.641
0.374,,,,0.767,,rg20ff,0.709
0.34,2,0.007,,0.517,,rg20fw,0.549
0.374,,,,0.767,,rg20fx,0.709
0.376,11,0.04,,0.565,,rg20dz,0.606
0.246,2,0.007,,0.555,,rg20fr,0.627
0.246,2,0.007,,0.555,,rg20ga,0.627
0.374,,,,0.767,,rg20fz,0.709
0.374,,,,0.767,,rg20fs,0.709
0.212,12,0.047,,0.339,,rg20eq,0.599
0.394,4,0.015,,0.416,,rg20es,0.657
0.34,2,0.007,,0.517,,rg20gf,0.549
0.433,3,0.012,,0.544,,rg20fg,0.644
0.246,2,0.007,,0.555,,rg20gh,0.627
0.246,2,0.007,,0.555,,rg20gn,0.627
0.246,2,0.007,,0.555,,rg20fn,0.627
0.149,,,,0.431,,rg20gg,0.698
0.394,4,0.015,,0.416,,rg20du,0.657
0.246,2,0.007,,0.555,,rg20gd,0.627
0.373,5,0.026,,0.795,,rg20gq,0.76
0.505,8,0.041,,0.74,,rg20gt,0.609
0.246,2,0.007,,0.555,,rg20ge,0.627
0.505,8,0.041,,0.74,,rg20gs,0.609
0.374,,,,0.767,,rg20fa,0.709
0.505,8,0.041,,0.74,,rg20gx,0.609
0.505,8,0.041,,0.74,,rg20gy,0.609
0.098,8,0.025,,0.432,,rg20hb,0.702
0.148,2,0.005,,0.427,,rg20ha,0.592
0.103,,,,0.31,,rg20he,0.58
0.374,,,,0.767,,rg20fp,0.709
0.136,3,0.01,,0.422,,rg20hf,0.691
0.505,8,0.041,,0.74,,rg20gr,0.609
0.422,3,0.012,,0.505,,rg20ep,0.78
0.246,2,0.007,,0.555,,rg20gj,0.627
0.505,8,0.041,,0.74,,rg20gw,0.609
0.283,,,,0.463,,rg20hl,0.541
0.19,6,0.02,,0.385,,rg20hp,0.816
0.103,,,,0.31,,rg20hn,0.58
0.136,3,0.01,,0.422,,rg20hq,0.691
0.34,2,0.007,,0.517,,rg20ht,0.549
0.374,,,,0.767,,rg20fu,0.709
0.103,,,,0.31,,rg20hg,0.58
0.34,2,0.007,,0.517,,rg20gp,0.549
0.374,,,,0.767,,rg20hs,0.709
0.103,,,,0.31,,rg20hr,0.58
0.098,8,0.025,,0.432,,rg20hy,0.702
0.202,2,0.006,,0.412,,rg20jb,0.638
0.148,2,0.005,,0.427,,rg20hd,0.592
0.149,,,,0.431,,rg20hu,0.698
0.103,,,,0.31,,rg20hw,0.58
0.202,2,0.006,,0.412,,rg20jg,0.638
0.202,2,0.006,,0.412,,rg20jf,0.638
0.225,1,0.003,,0.406,,rg20eh,0.633
0.374,,,,0.767,,rg20ft,0.709
0.246,2,0.007,,0.555,,rg20jl,0.627
0.19,6,0.02,,0.385,,rg20jj,0.816
0.19,6,0.02,,0.385,,rg20jd,0.816
0.14,3,0.01,,0.426,,rg20ja,0.732
0.246,2,0.007,,0.555,,rg20gz,0.627
0.103,,,,0.31,,rg20js,0.58
0.373,5,0.026,,0.795,,rg20gu,0.76
0.246,2,0.007,,0.555,,rg20gb,0.627
0.373,5,0.026,,0.795,,rg20fy,0.76
0.103,,,,0.31,,rg20jy,0.58
0.19,6,0.02,,0.385,,rg20jz,0.816
0.34,2,0.007,,0.517,,rg20jn,0.549
0.34,2,0.007,,0.517,,rg20jh,0.549
0.34,2,0.007,,0.517,,rg20jq,0.549
0.103,,,,0.31,,rg20lb,0.58
0.103,,,,0.31,,rg20ld,0.58
0.103,,,,0.31,,rg20jt,0.58
0.098,8,0.025,,0.432,,rg20lf,0.702
0.19,6,0.02,,0.385,,rg20le,0.816
0.103,,,,0.31,,rg20ll,0.58
0.159,,,,0.419,,rg20ln,0.636
0.098,8,0.025,,0.432,,rg20lg,0.702
0.103,,,,0.31,,rg20ju,0.58
0.34,2,0.007,,0.517,,rg20lq,0.549
0.103,,,,0.31,,rg20jx,0.58
0.103,,,,0.31,,rg20ls,0.58
0.159,,,,0.419,,rg20lw,0.636
0.149,,,,0.431,,rg20lx,0.698
0.34,2,0.007,,0.517,,rg20la,0.549
0.34,2,0.007,,0.517,,rg20lp,0.549
0.103,,,,0.31,,rg20hh,0.58
0.103,,,,0.31,,rg20lt,0.58
0.098,8,0.025,,0.432,,rg20hx,0.702
0.246,2,0.007,,0.555,,rg20ne,0.627
0.165,1,0.003,,0.318,,rg20jp,0.788
0.103,,,,0.31,,rg20lj,0.58
0.202,3,0.01,,0.422,,rg20jw,0.726
0.098,8,0.025,,0.432,,rg20ng,0.702
0.103,,,,0.31,,rg20nl,0.58
0.103,,,,0.31,,rg20nj,0.58
0.103,,,,0.31,,rg20lu,0.58
0.103,,,,0.31,,rg20np,0.58
0.149,,,,0.431,,rg20hz,0.698
0.351,6,0.019,,0.477,,rg20ns,0.702
0.098,8,0.025,,0.432,,rg20nt,0.702
0.374,,,,0.767,,rg20lh,0.709
0.34,2,0.007,,0.517,,rg20na,0.549
0.103,,,,0.31,,rg20nb,0.58
0.103,,,,0.31,,rg20nf,0.58
0.103,,,,0.31,,rg20nq,0.58
0.14,3,0.01,,0.426,,rg20je,0.732
0.283,,,,0.463,,rg20nd,0.541
0.098,8,0.025,,0.432,,rg20ny,0.702
0.374,,,,0.767,,rg20nx,0.709
0.34,2,0.007,,0.517,,rg20pf,0.549
0.103,,,,0.31,,rg20hj,0.58
0.103,,,,0.31,,rg20ph,0.58
0.159,,,,0.419,,rg20pj,0.636
0.149,,,,0.431,,rg20pn,0.698
0.103,,,,0.31,,rg20nw,0.58
0.159,,,,0.419,,rg20pl,0.636
0.149,,,,0.431,,rg20nr,0.698
0.14,3,0.01,,0.426,,rg20jr,0.732
0.103,,,,0.31,,rg20nu,0.58
0.374,,,,0.767,,rg20pq,0.709
0.202,3,0.01,,0.422,,rg20lz,0.726
0.149,,,,0.431,,rg20pu,0.698
0.149,,,,0.431,,rg20ly,0.698
0.422,3,0.012,,0.505,,rg20nn,0.78
0.374,,,,0.767,,rg20pa,0.709
0.34,2,0.007,,0.517,,rg20qb,0.549
0.103,,,,0.31,,rg20nh,0.58
0.374,,,,0.767,,rg20pd,0.709
0.159,,,,0.419,,rg20pb,0.636
0.246,2,0.007,,0.555,,rg20qg,0.627
0.374,,,,0.767,,rg20pt,0.709
0.202,3,0.01,,0.422,,rg20qj,0.726
0.202,3,0.01,,0.422,,rg20ps,0.726
0.202,3,0.01,,0.422,,rg20ql,0.726
0.202,3,0.01,,0.422,,rg20qa,0.726
0.34,2,0.007,,0.517,,rg20qq,0.549
0.202,3,0.01,,0.422,,rg20qr,0.726
0.202,3,0.01,,0.422,,rg20qs,0.726
0.202,3,0.01,,0.422,,rg20qh,0.726
0.202,3,0.01,,0.422,,rg20qu,0.726
0.34,2,0.007,,0.517,,rg20qe,0.549
0.374,,,,0.767,,rg20py,0.709
0.202,3,0.01,,0.422,,rg20pw,0.726
0.149,,,,0.431,,rg20ra,0.698
0.159,,,,0.419,,rg20qf,0.636
0.202,3,0.01,,0.422,,rg20qt,0.726
0.374,,,,0.767,,rg20nz,0.709
0.202,3,0.01,,0.422,,rg20qp,0.726
0.34,2,0.007,,0.517,,rg20rg,0.549
0.202,3,0.01,,0.422,,rg20rh,0.726
0.149,,,,0.431,,rg20rj,0.698
0.433,3,0.012,,0.544,,rg20pp,0.644
0.202,3,0.01,,0.422,,rg20rn,0.726
0.202,3,0.01,,0.422,,rg20rd,0.726
0.34,2,0.007,,0.517,,rg20qn,0.549
0.202,3,0.01,,0.422,,rg20rl,0.726
0.374,,,,0.767,,rg20pr,0.709
0.202,3,0.01,,0.422,,rg20rt,0.726
0.149,,,,0.431,,rg20rs,0.698
0.202,3,0.01,,0.422,,rg20px,0.726
0.34,2,0.007,,0.517,,rg20ru,0.549
0.246,2,0.007,,0.555,,rg20rw,0.627
0.202,3,0.01,,0.422,,rg20rz,0.726
0.149,,,,0.431,,rg20qw,0.698
0.34,2,0.007,,0.517,,rg20re,0.549
0.159,,,,0.419,,rg20pe,0.636
0.202,3,0.01,,0.422,,rg20rq,0.726
0.14,2,0.008,,0.452,,rg20sf,0.716
0.246,2,0.007,,0.555,,rg20rp,0.627
0.34,2,0.007,,0.517,,rg20sd,0.549
0.246,2,0.007,,0.555,,rg20rb,0.627
0.202,3,0.01,,0.422,,rg20rf,0.726
0.219,,,,0.5,,rg20sj,0.814
0.339,5,0.014,,0.596,,rg20sp,0.722
0.34,2,0.007,,0.517,,rg20rx,0.549
0.202,3,0.01,,0.422,,rg20sa,0.726
0.283,,,,0.463,,rg20ss,0.541
0.19,6,0.02,,0.385,,rg20st,0.816
0.202,3,0.01,,0.422,,rg20sg,0.726
0.202,3,0.01,,0.422,,rg20sl,0.726
0.202,3,0.01,,0.422,,rg20su,0.726
0.149,,,,0.431,,rg20sy,0.698
0.202,3,0.01,,0.422,,rg20sx,0.726
0.202,3,0.01,,0.422,,rg20sb,0.726
0.202,3,0.01,,0.422,,rg20qx,0.726
0.202,3,0.01,,0.422,,rg20tb,0.726
0.283,,,,0.463,,rg20rr,0.541
0.149,,,,0.431,,rg20td,0.698
0.202,3,0.01,,0.422,,rg20pz,0.726
0.202,3,0.01,,0.422,,rg20sq,0.726
0.283,,,,0.463,,rg20sw,0.541
0.165,1,0.003,,0.318,,rg20ta,0.788
0.149,,,,0.431,,rg20th,0.698
0.34,2,0.007,,0.517,,rg20se,0.549
0.159,,,,0.419,,rg20ry,0.636
0.202,3,0.01,,0.422,,rg20qy,0.726
0.149,,,,0.431,,rg20sz,0.698
0.374,,,,0.767,,rg20tn,0.709
0.433,3,0.012,,0.544,,rg20tt,0.644
0.202,3,0.01,,0.422,,rg20sh,0.726
0.149,,,,0.431,,rg20tg,0.698
0.149,,,,0.431,,rg20tx,0.698
0.149,,,,0.431,,rg20tf,0.698
0.433,3,0.012,,0.544,,rg20tz,0.644
0.374,,,,0.767,,rg20tw,0.709
0.374,,,,0.767,,rg20tp,0.709
0.149,,,,0.431,,rg20ud,0.698
0.19,6,0.02,,0.385,,rg20sn,0.816
0.103,,,,0.31,,rg20ug,0.58
0.376,11,0.04,,0.565,,rg20ub,0.606
0.103,,,,0.31,,rg20ul,0.58
0.374,,,,0.767,,rg20tl,0.709
0.202,3,0.01,,0.422,,rg20qz,0.726
0.433,3,0.012,,0.544,,rg20qd,0.644
0.374,,,,0.767,,rg20tu,0.709
0.433,3,0.012,,0.544,,rg20uf,0.644
0.433,3,0.012,,0.544,,rg20ua,0.644
0.103,,,,0.31,,rg20uh,0.58
0.149,,,,0.431,,rg20up,0.698
0.159,,,,0.419,,rg20uy,0.636
0.433,3,0.012,,0.544,,rg20ur,0.644
0.149,,,,0.431,,rg20ut,0.698
0.159,,,,0.419,,rg20uw,0.636
0.149,,,,0.431,,rg20te,0.698
0.433,3,0.012,,0.544,,rg20wf,0.644
0.374,,,,0.767,,rg20uj,0.709
0.374,,,,0.767,,rg20ts,0.709
0.433,3,0.012,,0.544,,rg20uz,0.644
0.433,3,0.012,,0.544,,rg20wh,0.644
0.433,3,0.012,,0.544,,rg20wq,0.644
0.159,,,,0.419,,rg20un,0.636
0.374,,,,0.767,,rg20wt,0.709
0.374,,,,0.767,,rg20tr,0.709
0.433,3,0.012,,0.544,,rg20we,0.644
0.21,2,0.008,,0.433,,rg20sr,0.535
0.374,,,,0.767,,rg20wy,0.709
0.433,3,0.012,,0.544,,rg20wg,0.644
0.159,,,,0.419,,rg20ux,0.636
0.374,,,,0.767,,rg20wr,0.709
0.374,,,,0.767,,rg20xd,0.709
0.433,3,0.012,,0.544,,rg20wx,0.644
0.433,3,0.012,,0.544,,rg20us,0.644
0.374,,,,0.767,,rg20wb,0.709
0.159,,,,0.419,,rg20xf,0.636
0.103,,,,0.31,,rg20xa,0.58
0.374,,,,0.767,,rg20wz,0.709
0.433,3,0.012,,0.544,,rg20xb,0.644
0.374,,,,0.767,,rg20ws,0.709
0.433,3,0.012,,0.544,,rg20xj,0.644
0.374,,,,0.767,,rg20xg,0.709
0.433,3,0.012,,0.544,,rg20xh,0.644
0.433,3,0.012,,0.544,,rg20xw,0.644
0.433,3,0.012,,0.544,,rg20xq,0.644
0.374,,,,0.767,,rg20ww,0.709
0.374,,,,0.767,,rg20xz,0.709
0.149,,,,0.431,,rg20ya,0.698
0.159,,,,0.419,,rg20yd,0.636
0.159,,,,0.419,,rg20xx,0.636
0.433,3,0.012,,0.544,,rg20xe,0.644
0.433,3,0.012,,0.544,,rg20yf,0.644
0.159,,,,0.419,,rg20yb,0.636
0.159,,,,0.419,,rg20yh,0.636
0.159,,,,0.419,,rg20yj,0.636
0.159,,,,0.419,,rg20yl,0.636
0.374,,,,0.767,,rg20wu,0.709
0.433,3,0.012,,0.544,,rg20wj,0.644
0.159,,,,0.419,,rg20yq,0.636
0.149,,,,0.431,,rg20ye,0.698
0.374,,,,0.767,,rg20tj,0.709
0.149,,,,0.431,,rg20xt,0.698
0.149,,,,0.431,,rg20yw,0.698
0.433,3,0.012,,0.544,,rg20xp,0.644
0.149,,,,0.431,,rg20yy,0.698
0.149,,,,0.431,,rg20yp,0.698
0.433,3,0.012,,0.544,,rg20yr,0.644
0.433,3,0.012,,0.544,,rg20yu,0.644
0.149,,,,0.431,,rg20yz,0.698
0.433,3,0.012,,0.544,,rg20xs,0.644
0.433,3,0.012,,0.544,,rg20xr,0.644
0.202,3,0.01,,0.422,,rg20tq,0.726
0.159,,,,0.419,,rg20yt,0.636
0.246,2,0.007,,0.555,,rg26af,0.627
0.246,2,0.007,,0.555,,rg26ae,0.627
0.433,3,0.012,,0.544,,rg20yg,0.644
0.246,2,0.007,,0.555,,rg26ah,0.627
0.246,2,0.007,,0.555,,rg26al,0.627
0.433,3,0.012,,0.544,,rg20zj,0.644
0.246,2,0.007,,0.555,,rg26ap,0.627
0.149,,,,0.431,,rg26aa,0.698
0.433,3,0.012,,0.544,,rg20ys,0.644
0.246,2,0.007,,0.555,,rg26ag,0.627
0.246,2,0.007,,0.555,,rg26aq,0.627
0.246,2,0.007,,0.555,,rg26ar,0.627
0.246,2,0.007,,0.555,,rg26at,0.627
0.246,2,0.007,,0.555,,rg26as,0.627
0.246,2,0.007,,0.555,,rg26ax,0.627
0.374,,,,0.767,,rg20xu,0.709
0.149,,,,0.431,,rg26dd,0.698
0.149,,,,0.431,,rg26da,0.698
0.433,3,0.012,,0.544,,rg20zl,0.644
0.149,,,,0.431,,rg26dg,0.698
0.393,,,,0.442,,rg26ad,0.96
0.149,,,,0.431,,rg26dh,0.698
0.159,,,,0.419,,rg20yx,0.636
0.246,2,0.007,,0.555,,rg26ge,0.627
0.433,3,0.012,,0.544,,rg20wd,0.644
0.246,2,0.007,,0.555,,rg26gf,0.627
0.246,2,0.007,,0.555,,rg26gp,0.627
0.246,2,0.007,,0.555,,rg26ub,0.627
0.246,2,0.007,,0.555,,rg26ab,0.627
0.149,,,,0.431,,rg26db,0.698
0.149,,,,0.431,,rg26fw,0.698
0.246,2,0.007,,0.555,,rg26gb,0.627
0.246,2,0.007,,0.555,,rg26uh,0.627
0.393,,,,0.442,,rg26ug,0.96
0.246,2,0.007,,0.555,,rg26ua,0.627
0.393,,,,0.442,,rg26un,0.96
0.393,,,,0.442,,rg26up,0.96
0.393,,,,0.442,,rg26uq,0.96
0.246,2,0.007,,0.555,,rg26uu,0.627
0.393,,,,0.442,,rg26uf,0.96
0.159,,,,0.419,,rg20yn,0.636
0.393,,,,0.442,,rg26ul,0.96
0.246,2,0.007,,0.555,,rg26aj,0.627
0.159,,,,0.419,,rg20xy,0.636
0.393,,,,0.442,,rg26uw,0.96
0.246,2,0.007,,0.555,,rg26aw,0.627
0.422,3,0.012,,0.505,,rg27aa,0.78
0.374,,,,0.767,,rg26wg,0.709
0.246,2,0.007,,0.555,,rg26au,0.627
0.149,,,,0.431,,rg26dt,0.698
0.246,2,0.007,,0.555,,rg26an,0.627
0.148,2,0.005,,0.427,,rg20xl,0.592
0.433,3,0.012,,0.544,,rg27af,0.644
0.393,,,,0.442,,rg26ue,0.96
0.464,9,0.027,,0.435,,rg27ap,0.764
0.246,2,0.007,,0.555,,rg26ud,0.627
0.246,2,0.007,,0.555,,rg26wa,0.627
0.246,2,0.007,,0.555,,rg26xa,0.627
0.551,6,0.019,,0.373,,rg27at,0.81
0.422,3,0.012,,0.505,,rg27ab,0.78
0.464,9,0.027,,0.435,,rg27au,0.764
0.246,2,0.007,,0.555,,rg26uj,0.627
0.246,2,0.007,,0.555,,rg26gj,0.627
0.381,6,0.016,,0.39,,rg27ax,0.752
0.226,36,0.079,,0.081,,rg27az,0.585
0.464,9,0.027,,0.435,,rg27ba,0.764
0.422,3,0.012,,0.505,,rg27aq,0.78
0.551,6,0.019,,0.373,,rg27bd,0.81
0.464,9,0.027,,0.435,,rg27ar,0.764
0.25,101,0.086,,0.013,,rg27bh,0.708
0.212,12,0.047,,0.339,,rg27ad,0.599
0.433,3,0.012,,0.544,,rg26xd,0.644
0.381,6,0.016,,0.39,,rg27bg,0.752
0.422,3,0.012,,0.505,,rg27ae,0.78
0.374,,,,0.767,,rg26xb,0.709
0.464,9,0.027,,0.435,,rg27aj,0.764
0.103,3,0.008,,0.319,,rg27bs,0.689
0.464,9,0.027,,0.435,,rg27as,0.764
0.462,14,0.033,,0.298,,rg27an,0.718
0.442,1,0.006,,0.296,,rg27bp,0.814
0.226,36,0.079,,0.081,,rg27be,0.585
0.442,1,0.006,,0.296,,rg27bw,0.814
0.422,3,0.012,,0.505,,rg27ah,0.78
0.56,37,0.084,,0.291,,rg27dg,0.768
0.56,37,0.084,,0.291,,rg27dh,0.768
0.25,101,0.086,,0.013,,rg27de,0.708
0.464,9,0.027,,0.435,,rg27al,0.764
0.464,9,0.027,,0.435,,rg27ay,0.764
0.56,37,0.084,,0.291,,rg27dq,0.768
0.25,101,0.086,,0.013,,rg27bn,0.708
0.56,37,0.084,,0.291,,rg27dl,0.768
0.422,3,0.012,,0.505,,rg27ag,0.78
0.464,9,0.027,,0.435,,rg27bb,0.764
0.242,2,0.006,,0.408,,rg27dr,0.758
0.469,20,0.07,,0.386,,rg27dx,0.561
0.242,2,0.006,,0.408,,rg27ds,0.758
0.25,101,0.086,,0.013,,rg27bj,0.708
0.422,3,0.012,,0.505,,rg27aw,0.78
0.56,37,0.084,,0.291,,rg27dn,0.768
0.56,37,0.084,,0.291,,rg27ed,0.768
0.242,2,0.006,,0.408,,rg27dt,0.758
0.242,2,0.006,,0.408,,rg27ee,0.758
0.226,36,0.079,,0.081,,rg27ef,0.585
0.56,37,0.084,,0.291,,rg27eb,0.768
0.163,4,0.01,,0.412,,rg27ej,0.72
0.25,6,0.017,,0.339,,rg27bq,0.66
0.56,37,0.084,,0.291,,rg27ea,0.768
0.469,20,0.07,,0.386,,rg27dp,0.561
0.106,,,,0.318,,rg27eq,0.774
0.106,,,,0.318,,rg27ep,0.774
0.226,36,0.079,,0.081,,rg27es,0.585
0.524,33,0.053,,0.082,,rg27et,0.768
0.242,2,0.006,,0.408,,rg27dz,0.758
0.106,,,,0.318,,rg27er,0.774
0.202,4,0.012,,0.488,,rg27en,0.768
0.524,33,0.053,,0.082,,rg27ex,0.768
0.524,33,0.053,,0.082,,rg27ey,0.768
0.226,36,0.079,,0.081,,rg27ha,0.585
0.106,,,,0.318,,rg27eg,0.774
0.56,37,0.084,,0.291,,rg27dw,0.768
0.524,33,0.053,,0.082,,rg27hd,0.768
0.56,37,0.084,,0.291,,rg27dj,0.768
0.56,37,0.084,,0.291,,rg27hg,0.768
0.242,2,0.006,,0.408,,rg27du,0.758
0.524,33,0.053,,0.082,,rg27hj,0.768
0.442,1,0.006,,0.296,,rg27he,0.814
0.226,36,0.079,,0.081,,rg27eu,0.585
0.163,4,0.01,,0.412,,rg27el,0.72
0.106,,,,0.318,,rg27eh,0.774
0.524,33,0.053,,0.082,,rg27hf,0.768
0.109,7,0.025,,0.315,,rg27hr,0.697
0.56,37,0.084,,0.291,,rg27df,0.768
0.56,37,0.084,,0.291,,rg27da,0.768
0.394,8,0.026,,0.4,,rg27hp,0.799
0.148,5,0.014,,0.395,,rg27hw,0.532
0.106,,,,0.318,,rg27dy,0.774
0.394,8,0.026,,0.4,,rg27ht,0.799
0.109,7,0.025,,0.315,,rg27hx,0.697
0.226,36,0.079,,0.081,,rg27ez,0.585
0.394,8,0.026,,0.4,,rg27hn,0.799
0.056,6,0.017,,0.335,,rg27jb,0.743
0.56,37,0.084,,0.291,,rg27hq,0.768
0.25,6,0.017,,0.339,,rg27jf,0.66
0.394,8,0.026,,0.4,,rg27jh,0.799
0.109,7,0.025,,0.315,,rg27hu,0.697
0.394,8,0.026,,0.4,,rg27jl,0.799
0.524,33,0.053,,0.082,,rg27hl,0.768
0.25,6,0.017,,0.339,,rg27jp,0.66
0.56,37,0.084,,0.291,,rg27je,0.768
0.394,8,0.026,,0.4,,rg27hh,0.799
0.154,3,0.009,,0.343,,rg27js,0.738
0.394,8,0.026,,0.4,,rg27jj,0.799
0.148,5,0.014,,0.395,,rg27hy,0.532
0.524,33,0.053,,0.082,,rg27jd,0.768
0.302,4,0.015,,0.463,,rg27ju,0.814
0.103,3,0.008,,0.319,,rg27jw,0.689
0.163,4,0.01,,0.412,,rg27ew,0.72
0.056,6,0.017,,0.335,,rg27la,0.743
0.524,33,0.053,,0.082,,rg27hb,0.768
0.25,6,0.017,,0.339,,rg27ja,0.66
0.087,,,,0.357,,rg27le,0.657
0.56,37,0.084,,0.291,,rg27dd,0.768
0.109,7,0.025,,0.315,,rg27lg,0.697
0.056,6,0.017,,0.335,,rg27lh,0.743
0.056,6,0.017,,0.335,,rg27ll,0.743
0.394,8,0.026,,0.4,,rg27jn,0.799
0.394,8,0.026,,0.4,,rg27lp,0.799
0.25,6,0.017,,0.339,,rg27jr,0.66
0.25,6,0.017,,0.339,,rg27lr,0.66
0.056,6,0.017,,0.335,,rg27lj,0.743
0.103,3,0.008,,0.319,,rg27jg,0.689
0.08,2,0.007,,0.283,,rg27lu,0.769
0.25,6,0.017,,0.339,,rg27jq,0.66
0.087,,,,0.357,,rg27hz,0.657
0.14,10,0.023,,0.339,,rg27nb,0.702
0.242,2,0.006,,0.408,,rg27na,0.758
0.14,10,0.023,,0.339,,rg27ne,0.702
0.14,10,0.023,,0.339,,rg27nf,0.702
0.25,6,0.017,,0.339,,rg27ng,0.66
0.302,4,0.015,,0.463,,rg27nj,0.814
0.08,2,0.007,,0.283,,rg27nl,0.769
0.14,10,0.023,,0.339,,rg27ly,0.702
0.136,1,0.003,,0.399,,rg27nr,0.752
0.087,,,,0.357,,rg27lb,0.657
0.136,1,0.003,,0.399,,rg27nt,0.752
0.136,1,0.003,,0.399,,rg27nu,0.752
0.08,2,0.007,,0.283,,rg27lz,0.769
0.154,3,0.009,,0.343,,rg27nx,0.738
0.302,4,0.015,,0.463,,rg27jt,0.814
0.113,,,,0.39,,rg27ny,0.737
0.08,2,0.007,,0.283,,rg27np,0.769
0.14,10,0.023,,0.339,,rg27nd,0.702
0.087,,,,0.357,,rg27ld,0.657
0.154,3,0.009,,0.343,,rg27jx,0.738
0.113,,,,0.39,,rg27pe,0.737
0.136,1,0.003,,0.399,,rg27nn,0.752
0.056,6,0.017,,0.335,,rg27pg,0.743
0.154,3,0.009,,0.343,,rg27pd,0.738
0.087,,,,0.357,,rg27lw,0.657
0.067,,,,0.361,,rg27pj,0.809
0.14,10,0.023,,0.339,,rg27nh,0.702
0.154,3,0.009,,0.343,,rg27ln,0.738
0.102,7,0.021,,0.373,,rg27pq,0.653
0.113,,,,0.39,,rg27pb,0.737
0.381,6,0.016,,0.39,,rg27pt,0.752
0.113,,,,0.39,,rg27pa,0.737
0.136,1,0.003,,0.399,,rg27ns,0.752
0.056,6,0.017,,0.335,,rg27jz,0.743
0.351,6,0.019,,0.477,,rg27pw,0.702
0.136,3,0.01,,0.422,,rg27pp,0.691
0.087,,,,0.357,,rg27px,0.657
0.113,,,,0.39,,rg27pz,0.737
0.067,,,,0.361,,rg27qb,0.809
0.136,1,0.003,,0.399,,rg27qe,0.752
0.08,2,0.007,,0.283,,rg27nw,0.769
0.11,3,0.01,,0.33,,rg27qg,0.743
0.087,,,,0.357,,rg27jy,0.657
0.381,6,0.016,,0.39,,rg27pr,0.752
0.067,,,,0.361,,rg27qf,0.809
0.11,3,0.01,,0.33,,rg27qn,0.743
0.242,2,0.006,,0.408,,rg27lx,0.758
0.088,,,,0.259,,rg27qj,0.744
0.11,3,0.01,,0.33,,rg27qr,0.743
0.11,3,0.01,,0.33,,rg27ql,0.743
0.088,,,,0.259,,rg27qq,0.744
0.113,,,,0.39,,rg27pf,0.737
0.136,1,0.003,,0.399,,rg27qd,0.752
0.087,,,,0.357,,rg27pl,0.657
0.067,,,,0.361,,rg27qs,0.809
0.14,3,0.01,,0.426,,rg27rd,0.732
0.136,3,0.01,,0.422,,rg27pu,0.691
0.381,6,0.016,,0.39,,rg27ps,0.752
0.165,1,0.004,,0.368,,rg27rf,0.696
0.165,1,0.004,,0.368,,rg27ra,0.696
0.087,,,,0.357,,rg27py,0.657
0.14,3,0.01,,0.426,,rg27rb,0.732
0.088,,,,0.259,,rg27qp,0.744
0.25,6,0.017,,0.339,,rg27rp,0.66
0.125,,,,0.443,,rg27ph,0.702
0.165,1,0.004,,0.368,,rg27rh,0.696
0.302,4,0.015,,0.463,,rg27rr,0.814
0.064,1,0.004,,0.365,,rg27rq,0.731
0.11,3,0.01,,0.33,,rg27qh,0.743
0.154,3,0.009,,0.343,,rg27ry,0.738
0.08,2,0.007,,0.283,,rg27nz,0.769
0.165,1,0.004,,0.368,,rg27rj,0.696
0.102,7,0.021,,0.373,,rg27sa,0.653
0.067,,,,0.361,,rg27sd,0.809
0.067,,,,0.361,,rg27se,0.809
0.102,7,0.021,,0.373,,rg27sb,0.653
0.165,1,0.004,,0.368,,rg27re,0.696
0.064,1,0.004,,0.365,,rg27sf,0.731
0.102,7,0.021,,0.373,,rg27qt,0.653
0.14,3,0.01,,0.426,,rg27sp,0.732
0.102,7,0.021,,0.373,,rg27qa,0.653
0.098,8,0.025,,0.432,,rg27ss,0.702
0.067,,,,0.361,,rg27sj,0.809
0.098,8,0.025,,0.432,,rg27sr,0.702
0.102,7,0.021,,0.373,,rg27su,0.653
0.154,3,0.009,,0.343,,rg27rz,0.738
0.136,3,0.01,,0.422,,rg27sy,0.691
0.11,3,0.01,,0.33,,rg27sg,0.743
0.302,4,0.015,,0.463,,rg27ru,0.814
0.242,2,0.006,,0.408,,rg27rs,0.758
0.154,3,0.009,,0.343,,rg27rx,0.738
0.103,,,,0.31,,rg27te,0.58
0.148,2,0.005,,0.427,,rg27tg,0.592
0.136,3,0.01,,0.422,,rg27th,0.691
0.381,6,0.016,,0.39,,rg27tn,0.752
0.064,1,0.004,,0.365,,rg27rg,0.731
0.14,3,0.01,,0.426,,rg27sw,0.732
0.098,8,0.025,,0.432,,rg27sz,0.702
0.25,6,0.017,,0.339,,rg27rt,0.66
0.148,5,0.014,,0.395,,rg27tp,0.532
0.071,6,0.024,,0.245,,rg27tu,0.652
0.108,10,0.03,,0.303,,rg27tx,0.527
0.102,7,0.021,,0.373,,rg27sn,0.653
0.108,10,0.03,,0.303,,rg27ty,0.527
0.422,3,0.012,,0.505,,rg27pn,0.78
0.136,3,0.01,,0.422,,rg27ta,0.691
0.136,3,0.01,,0.422,,rg27tb,0.691
0.071,6,0.024,,0.245,,rg27ts,0.652
0.054,,,,0.289,,rg27ue,0.507
0.067,,,,0.361,,rg27sh,0.809
0.054,,,,0.289,,rg27ug,0.507
0.067,,,,0.361,,rg27sl,0.809
0.108,10,0.03,,0.303,,rg27uh,0.527
0.374,,,,0.767,,rg27wu,0.709
0.226,36,0.079,,0.081,,rg27rn,0.585
0.102,7,0.021,,0.373,,rg27st,0.653
0.433,3,0.012,,0.544,,rg27wx,0.644
0.433,3,0.012,,0.544,,rg27wz,0.644
0.433,3,0.012,,0.544,,rg27xj,0.644
0.433,3,0.012,,0.544,,rg27wy,0.644
0.381,6,0.016,,0.39,,rg27tr,0.752
0.148,5,0.014,,0.395,,rg27ua,0.532
0.226,36,0.079,,0.081,,rg27xq,0.585
0.071,6,0.024,,0.245,,rg27tz,0.652
0.433,3,0.012,,0.544,,rg27ya,0.644
0.102,7,0.021,,0.373,,rg27sx,0.653
0.433,3,0.012,,0.544,,rg27ye,0.644
0.148,5,0.014,,0.395,,rg27uf,0.532
0.056,6,0.017,,0.335,,rg27yf,0.743
0.433,3,0.012,,0.544,,rg27ww,0.644
0.136,3,0.01,,0.422,,rg27xs,0.691
0.108,10,0.03,,0.303,,rg27wa,0.527
0.056,6,0.017,,0.335,,rg27yl,0.743
0.056,6,0.017,,0.335,,rg27yn,0.743
0.148,5,0.014,,0.395,,rg27ub,0.532
0.108,10,0.03,,0.303,,rg27wb,0.527
0.136,3,0.01,,0.422,,rg27yg,0.691
0.071,6,0.024,,0.245,,rg27tw,0.652
0.056,6,0.017,,0.335,,rg27yt,0.743
0.056,6,0.017,,0.335,,rg27yj,0.743
0.433,3,0.012,,0.544,,rg27yx,0.644
0.136,3,0.01,,0.422,,rg27yy,0.691
0.433,3,0.012,,0.544,,rg27xn,0.644
0.433,3,0.012,,0.544,,rg27zn,0.644
0.433,3,0.012,,0.544,,rg27zx,0.644
0.433,3,0.012,,0.544,,rg27yq,0.644
0.202,3,0.01,,0.422,,rg28aa,0.726
0.056,6,0.017,,0.335,,rg27ys,0.743
0.054,,,,0.289,,rg27ud,0.507
0.087,2,0.006,,0.371,,rg28ad,0.825
0.083,,,,0.353,,rg28ag,0.797
0.125,,,,0.443,,rg28ah,0.702
0.056,6,0.017,,0.335,,rg27yw,0.743
0.083,,,,0.353,,rg28af,0.797
0.094,2,0.006,,0.445,,rg28al,0.766
0.108,10,0.03,,0.303,,rg27tt,0.527
0.108,10,0.03,,0.303,,rg27uq,0.527
0.136,3,0.01,,0.422,,rg27yr,0.691
0.056,6,0.017,,0.335,,rg27yd,0.743
0.056,6,0.017,,0.335,,rg27yp,0.743
0.094,2,0.006,,0.445,,rg28au,0.766
0.136,3,0.01,,0.422,,rg27yh,0.691
0.094,2,0.006,,0.445,,rg28ar,0.766
0.094,2,0.006,,0.445,,rg28ax,0.766
0.202,2,0.006,,0.412,,rg28az,0.638
0.433,3,0.012,,0.544,,rg27xz,0.644
0.202,2,0.006,,0.412,,rg28bb,0.638
0.117,,,,0.396,,rg28aq,0.794
0.202,3,0.01,,0.422,,rg28ab,0.726
0.087,2,0.006,,0.371,,rg28at,0.825
0.188,2,0.007,,0.427,,rg28be,0.897
0.433,3,0.012,,0.544,,rg27zq,0.644
0.087,2,0.006,,0.371,,rg28ae,0.825
0.056,6,0.017,,0.335,,rg27yb,0.743
0.433,3,0.012,,0.544,,rg27xy,0.644
0.129,2,0.006,,0.377,,rg28bn,0.718
0.127,2,0.007,,0.411,,rg28bf,0.764
0.087,2,0.006,,0.371,,rg28bs,0.825
0.239,9,0.034,,0.414,,rg28bl,0.768
0.083,,,,0.353,,rg28bt,0.797
0.087,2,0.006,,0.371,,rg28as,0.825
0.127,1,0.003,,0.39,,rg28db,0.766
0.125,,,,0.443,,rg28da,0.702
0.125,,,,0.443,,rg28aj,0.702
0.094,2,0.006,,0.445,,rg28an,0.766
0.125,,,,0.443,,rg28dd,0.702
0.136,1,0.003,,0.399,,rg28df,0.752
0.136,1,0.003,,0.399,,rg28dg,0.752
0.202,2,0.006,,0.412,,rg28ay,0.638
0.125,,,,0.443,,rg28dh,0.702
0.088,,,,0.259,,rg28bd,0.744
0.433,3,0.012,,0.544,,rg28bq,0.644
0.127,1,0.003,,0.39,,rg28ds,0.766
0.127,1,0.003,,0.39,,rg28dl,0.766
0.129,2,0.006,,0.377,,rg28bg,0.718
0.19,2,0.006,,0.439,,rg28dr,0.71
0.127,1,0.003,,0.39,,rg28dp,0.766
0.202,4,0.012,,0.488,,rg28dw,0.768
0.129,2,0.006,,0.377,,rg28bh,0.718
0.088,,,,0.259,,rg28ba,0.744
0.202,3,0.01,,0.422,,rg28bp,0.726
0.129,2,0.006,,0.377,,rg28bj,0.718
0.125,,,,0.443,,rg28de,0.702
0.19,2,0.006,,0.439,,rg28dn,0.71
0.083,,,,0.353,,rg28dj,0.797
0.239,9,0.034,,0.414,,rg28ef,0.768
0.374,,,,0.767,,rg27yu,0.709
0.089,7,0.022,,0.415,,rg28eq,0.812
0.094,2,0.006,,0.445,,rg28ap,0.766
0.089,7,0.022,,0.415,,rg28el,0.812
0.239,9,0.034,,0.414,,rg28ed,0.768
0.371,7,0.022,,0.429,,rg28eb,0.638
0.163,4,0.01,,0.412,,rg28ex,0.72
0.087,2,0.006,,0.371,,rg28bw,0.825
0.089,7,0.022,,0.415,,rg28eh,0.812
0.088,,,,0.259,,rg28aw,0.744
0.14,10,0.026,,0.433,,rg28dy,0.717
0.544,4,0.01,,0.511,,rg28eu,0.74
0.544,4,0.01,,0.511,,rg28es,0.74
0.163,4,0.01,,0.412,,rg28ez,0.72
0.163,4,0.01,,0.412,,rg28hd,0.72
0.089,7,0.022,,0.415,,rg28eg,0.812
0.371,7,0.022,,0.429,,rg28he,0.638
0.149,,,,0.431,,rg28fs,0.698
0.442,11,0.035,,0.46,,rg28ep,0.785
0.149,,,,0.431,,rg28gg,0.698
0.239,9,0.034,,0.414,,rg28ej,0.768
0.163,4,0.01,,0.412,,rg28hb,0.72
0.371,7,0.022,,0.429,,rg28ea,0.638
0.371,7,0.022,,0.429,,rg28en,0.638
0.174,,,,0.472,,rg28hr,0.831
0.264,,,,0.485,,rg28hn,0.821
0.188,2,0.007,,0.427,,rg28hh,0.897
0.163,4,0.01,,0.412,,rg28ha,0.72
0.149,,,,0.431,,rg28ft,0.698
0.188,2,0.007,,0.427,,rg28hl,0.897
0.188,2,0.007,,0.427,,rg28hj,0.897
0.188,2,0.007,,0.427,,rg28hz,0.897
0.264,,,,0.485,,rg28hx,0.821
0.127,1,0.003,,0.39,,rg28dz,0.766
0.174,,,,0.472,,rg28ht,0.831
0.202,4,0.012,,0.488,,rg28jd,0.768
0.544,4,0.01,,0.511,,rg28hf,0.74
0.163,4,0.01,,0.412,,rg28hw,0.72
0.163,4,0.01,,0.412,,rg28jb,0.72
0.175,,,,0.456,,rg28jg,0.867
0.175,,,,0.456,,rg28jn,0.867
0.175,,,,0.456,,rg28jh,0.867
0.174,,,,0.472,,rg28jq,0.831
0.19,2,0.006,,0.439,,rg28je,0.71
0.19,2,0.006,,0.439,,rg28hy,0.71
0.371,7,0.022,,0.429,,rg28hp,0.638
0.174,,,,0.472,,rg28hu,0.831
0.175,,,,0.456,,rg28jj,0.867
0.174,,,,0.472,,rg28jt,0.831
0.544,4,0.01,,0.511,,rg28ew,0.74
0.202,4,0.012,,0.488,,rg28jz,0.768
0.174,,,,0.472,,rg28ju,0.831
0.371,7,0.022,,0.429,,rg28hg,0.638
0.162,,,,0.354,,rg28lb,0.753
0.127,2,0.007,,0.411,,rg28lh,0.764
0.175,,,,0.456,,rg28jp,0.867
0.163,2,0.006,,0.276,,rg28js,0.797
0.174,,,,0.472,,rg28hs,0.831
0.264,,,,0.485,,rg28ln,0.821
0.162,,,,0.354,,rg28lq,0.753
0.264,,,,0.485,,rg28lp,0.821
0.19,2,0.006,,0.439,,rg28jf,0.71
0.174,,,,0.472,,rg28jy,0.831
0.127,2,0.007,,0.411,,rg28le,0.764
0.127,2,0.007,,0.411,,rg28lf,0.764
0.149,,,,0.431,,rg28lw,0.698
0.083,,,,0.353,,rg28lt,0.797
0.127,1,0.003,,0.39,,rg28lz,0.766
0.083,,,,0.353,,rg28ls,0.797
0.163,2,0.006,,0.276,,rg28jr,0.797
0.19,2,0.006,,0.439,,rg28nd,0.71
0.127,1,0.003,,0.39,,rg28nb,0.766
0.127,1,0.003,,0.39,,rg28na,0.766
0.118,4,0.013,,0.392,,rg28lr,0.806
0.127,1,0.003,,0.39,,rg28ng,0.766
0.162,,,,0.354,,rg28ld,0.753
0.202,4,0.012,,0.488,,rg28jx,0.768
0.163,2,0.006,,0.276,,rg28np,0.797
0.081,,,,0.313,,rg28nr,0.722
0.127,1,0.003,,0.39,,rg28ly,0.766
0.163,2,0.006,,0.276,,rg28nn,0.797
0.163,2,0.006,,0.276,,rg28nu,0.797
0.19,2,0.006,,0.439,,rg28nj,0.71
0.064,,,,0.365,,rg28nt,0.861
0.162,,,,0.354,,rg28nz,0.753
0.264,,,,0.485,,rg28lj,0.821
0.083,,,,0.353,,rg28lu,0.797
0.081,,,,0.313,,rg28ns,0.722
0.264,,,,0.485,,rg28jw,0.821
0.162,,,,0.354,,rg28ny,0.753
0.127,1,0.003,,0.39,,rg28nh,0.766
0.068,1,0.003,,0.354,,rg28pe,0.743
0.119,2,0.007,,0.327,,rg28pd,0.675
0.219,,,,0.5,,rg28pl,0.814
0.117,,,,0.396,,rg28ph,0.794
0.149,,,,0.431,,rg28pg,0.698
0.117,,,,0.396,,rg28pr,0.794
0.134,3,0.006,,0.446,,rg28pu,0.78
0.219,,,,0.5,,rg28pj,0.814
0.22,4,0.011,,0.351,,rg28px,0.803
0.219,,,,0.5,,rg28pn,0.814
0.064,,,,0.365,,rg28pa,0.861
0.14,10,0.026,,0.433,,rg28pp,0.717
0.22,4,0.011,,0.351,,rg28qa,0.803
0.041,,,,0.318,,rg28ps,0.763
0.117,,,,0.396,,rg28pt,0.794
0.041,,,,0.318,,rg28qb,0.763
0.19,2,0.006,,0.439,,rg28nl,0.71
0.127,2,0.007,,0.411,,rg28pq,0.764
0.22,4,0.011,,0.351,,rg28py,0.803
0.22,4,0.011,,0.351,,rg28qn,0.803
0.22,4,0.011,,0.351,,rg28qe,0.803
0.064,,,,0.365,,rg28pb,0.861
0.22,4,0.011,,0.351,,rg28pz,0.803
0.22,4,0.011,,0.351,,rg28qd,0.803
0.129,2,0.006,,0.377,,rg28ra,0.718
0.264,,,,0.485,,rg28ll,0.821
0.129,2,0.006,,0.377,,rg28rd,0.718
0.163,2,0.006,,0.276,,rg28nx,0.797
0.14,10,0.026,,0.433,,rg28pw,0.717
0.22,4,0.011,,0.351,,rg28qj,0.803
0.085,,,,0.343,,rg28rj,0.734
0.085,,,,0.343,,rg28rl,0.734
0.085,,,,0.343,,rg28rn,0.734
0.068,1,0.003,,0.354,,rg28pf,0.743
0.085,,,,0.343,,rg28rf,0.734
0.129,2,0.006,,0.377,,rg28re,0.718
0.22,4,0.011,,0.351,,rg28qg,0.803
0.127,2,0.007,,0.411,,rg28rt,0.764
0.109,1,0.002,,0.424,,rg28rw,0.78
0.064,,,,0.365,,rg28rg,0.861
0.127,2,0.007,,0.411,,rg28rx,0.764
0.22,4,0.011,,0.351,,rg28ql,0.803
0.064,,,,0.365,,rg28rp,0.861
0.064,,,,0.365,,rg28rr,0.861
0.127,2,0.007,,0.411,,rg28ry,0.764
0.081,,,,0.313,,rg28rq,0.722
0.127,2,0.007,,0.411,,rg28sa,0.764
0.268,2,0.007,,0.39,,rg28qp,0.889
0.109,1,0.002,,0.424,,rg28sh,0.78
0.219,,,,0.5,,rg28sg,0.814
0.085,,,,0.343,,rg28sj,0.734
0.129,2,0.006,,0.377,,rg28sn,0.718
0.085,,,,0.343,,rg28sl,0.734
0.129,2,0.006,,0.377,,rg28rb,0.718
0.127,2,0.007,,0.411,,rg28rs,0.764
0.127,2,0.007,,0.411,,rg28ru,0.764
0.202,3,0.01,,0.422,,rg28sp,0.726
0.219,,,,0.5,,rg28se,0.814
0.081,,,,0.313,,rg28rh,0.722
0.109,1,0.002,,0.424,,rg28sq,0.78
0.134,3,0.006,,0.446,,rg28td,0.78
0.127,2,0.007,,0.411,,rg28sr,0.764
0.149,,,,0.431,,rg28tg,0.698
0.268,2,0.007,,0.39,,rg28sx,0.889
0.134,3,0.006,,0.446,,rg28qr,0.78
0.219,,,,0.5,,rg28sf,0.814
0.268,2,0.007,,0.39,,rg28sy,0.889
0.268,2,0.007,,0.39,,rg28ta,0.889
0.268,2,0.007,,0.39,,rg28tb,0.889
0.22,4,0.011,,0.351,,rg28qh,0.803
0.109,1,0.002,,0.424,,rg28tq,0.78
0.119,2,0.007,,0.327,,rg28tp,0.675
0.165,1,0.003,,0.318,,rg28tu,0.788
0.134,3,0.006,,0.446,,rg28tt,0.78
0.041,,,,0.318,,rg28qt,0.763
0.14,10,0.026,,0.433,,rg28tj,0.717
0.149,,,,0.431,,rg28tx,0.698
0.119,2,0.007,,0.327,,rg28tl,0.675
0.118,4,0.013,,0.392,,rg28ua,0.806
0.14,10,0.026,,0.433,,rg28th,0.717
0.129,2,0.006,,0.377,,rg28ss,0.718
0.118,4,0.013,,0.392,,rg28uf,0.806
0.118,4,0.013,,0.392,,rg28ub,0.806
0.149,,,,0.431,,rg28tr,0.698
0.14,10,0.026,,0.433,,rg28uj,0.717
0.119,2,0.007,,0.327,,rg28ul,0.675
0.149,,,,0.431,,rg28ts,0.698
0.165,1,0.003,,0.318,,rg28ty,0.788
0.149,,,,0.431,,rg28tw,0.698
0.109,1,0.002,,0.424,,rg28sb,0.78
0.165,1,0.003,,0.318,,rg28tz,0.788
0.119,2,0.007,,0.327,,rg28uw,0.675
0.041,,,,0.318,,rg28ud,0.763
0.129,2,0.006,,0.377,,rg28sw,0.718
0.068,1,0.003,,0.354,,rg28us,0.743
0.433,3,0.012,,0.544,,rg28xn,0.644
0.433,3,0.012,,0.544,,rg28wy,0.644
0.068,1,0.003,,0.354,,rg28wa,0.743
0.134,3,0.006,,0.446,,rg28te,0.78
0.119,2,0.007,,0.327,,rg28tn,0.675
0.118,4,0.013,,0.392,,rg28ug,0.806
0.162,,,,0.354,,rg28tf,0.753
0.374,,,,0.767,,rg28wz,0.709
0.081,,,,0.313,,rg28xx,0.722
0.109,1,0.002,,0.424,,rg28sd,0.78
0.163,2,0.006,,0.276,,rg28yf,0.797
0.068,1,0.003,,0.354,,rg28yd,0.743
0.081,,,,0.313,,rg28xz,0.722
0.081,,,,0.313,,rg28xt,0.722
0.068,1,0.003,,0.354,,rg28ut,0.743
0.081,,,,0.313,,rg28xu,0.722
0.068,1,0.003,,0.354,,rg28uq,0.743
0.081,,,,0.313,,rg28xy,0.722
0.433,3,0.012,,0.544,,rg28yr,0.644
0.163,2,0.006,,0.276,,rg28ye,0.797
0.117,,,,0.396,,rg28ue,0.794
0.163,2,0.006,,0.276,,rg28yt,0.797
0.433,3,0.012,,0.544,,rg28yw,0.644
0.068,1,0.003,,0.354,,rg28yx,0.743
0.433,3,0.012,,0.544,,rg28yz,0.644
0.163,2,0.006,,0.276,,rg28yy,0.797
0.081,,,,0.313,,rg28ya,0.722
0.081,,,,0.313,,rg28yh,0.722
0.068,1,0.003,,0.354,,rg28yu,0.743
0.598,8,0.034,,0.642,,rg29ab,0.732
0.433,3,0.012,,0.544,,rg28yj,0.644
0.433,3,0.012,,0.544,,rg28yg,0.644
0.496,,,,0.464,,rg29af,0.86
0.433,3,0.012,,0.544,,rg28yq,0.644
0.433,3,0.012,,0.544,,rg28wb,0.644
0.433,3,0.012,,0.544,,rg28zx,0.644
0.496,,,,0.464,,rg29aa,0.86
0.496,,,,0.464,,rg29al,0.86
0.329,,,,0.458,,rg29ap,0.944
0.496,4,0.012,,0.67,,rg29aq,0.801
0.119,2,0.007,,0.327,,rg28up,0.675
0.257,,,,0.248,,rg29ar,0.959
0.496,,,,0.464,,rg29ag,0.86
0.384,4,0.014,,0.565,,rg29au,0.807
0.496,,,,0.464,,rg29aw,0.86
0.081,,,,0.313,,rg28yb,0.722
0.068,1,0.003,,0.354,,rg28yp,0.743
0.433,3,0.012,,0.544,,rg28ys,0.644
0.496,4,0.012,,0.67,,rg29bb,0.801
0.433,3,0.012,,0.544,,rg29ba,0.644
0.544,4,0.01,,0.511,,rg29be,0.74
0.598,8,0.034,,0.642,,rg29az,0.732
0.384,4,0.014,,0.565,,rg29ad,0.807
0.496,,,,0.464,,rg29as,0.86
0.544,4,0.01,,0.511,,rg29bj,0.74
0.496,,,,0.464,,rg29ae,0.86
0.544,4,0.01,,0.511,,rg29bl,0.74
0.433,3,0.012,,0.544,,rg29bf,0.644
0.455,11,0.033,,0.591,,rg29bn,0.679
0.51,9,0.025,,0.565,,rg29bq,0.653
0.257,,,,0.248,,rg29an,0.959
0.496,,,,0.464,,rg29ah,0.86
0.455,11,0.033,,0.591,,rg29ay,0.679
0.411,4,0.015,,0.621,,rg29bw,0.665
0.455,11,0.033,,0.591,,rg29ax,0.679
0.598,8,0.034,,0.642,,rg29aj,0.732
0.433,3,0.012,,0.544,,rg28zq,0.644
0.163,2,0.006,,0.276,,rg28yl,0.797
0.482,1,0.003,,0.586,,rg29by,0.862
0.329,,,,0.458,,rg29de,0.944
0.329,,,,0.458,,rg29dg,0.944
0.384,4,0.014,,0.565,,rg29bu,0.807
0.544,4,0.01,,0.511,,rg29bd,0.74
0.496,,,,0.464,,rg29bz,0.86
0.544,4,0.01,,0.511,,rg29bg,0.74
0.496,4,0.012,,0.67,,rg29bp,0.801
0.411,4,0.015,,0.621,,rg29df,0.665
0.412,,,,0.444,,rg29dh,0.926
0.329,,,,0.458,,rg29dr,0.944
0.412,,,,0.444,,rg29dl,0.926
0.412,,,,0.444,,rg29dj,0.926
0.412,,,,0.444,,rg29dw,0.926
0.496,,,,0.464,,rg29dy,0.86
0.329,,,,0.458,,rg29ds,0.944
0.433,3,0.012,,0.544,,rg29du,0.644
0.496,,,,0.464,,rg29bx,0.86
0.496,4,0.012,,0.67,,rg29bh,0.801
0.491,,,,0.617,,rg29dp,0.864
0.257,,,,0.248,,rg29bt,0.959
0.412,,,,0.444,,rg29dn,0.926
0.496,,,,0.464,,rg29ea,0.86
0.496,4,0.012,,0.67,,rg29bs,0.801
0.247,2,0.007,,0.427,,rg29en,0.931
0.496,4,0.012,,0.67,,rg29dq,0.801
0.247,2,0.007,,0.427,,rg29eh,0.931
0.491,,,,0.617,,rg29dd,0.864
0.384,4,0.014,,0.565,,rg29at,0.807
0.412,,,,0.444,,rg29eb,0.926
0.524,,,,0.412,,rg29eu,0.94
0.247,2,0.007,,0.427,,rg29ej,0.931
0.496,4,0.012,,0.67,,rg29ew,0.801
0.524,,,,0.412,,rg29ex,0.94
0.496,4,0.012,,0.67,,rg29ed,0.801
0.524,2,0.008,,0.475,,rg29es,0.914
0.393,3,0.01,,0.614,,rg29fb,0.939
0.524,2,0.008,,0.475,,rg29db,0.914
0.496,4,0.012,,0.67,,rg29ez,0.801
0.372,2,0.003,,0.544,,rg29fe,0.915
0.524,,,,0.412,,rg29ey,0.94
0.247,2,0.007,,0.427,,rg29el,0.931
0.329,,,,0.458,,rg29dt,0.944
0.247,2,0.007,,0.427,,rg29ee,0.931
0.389,,,,0.486,,rg29fg,0.953
0.372,2,0.003,,0.544,,rg29ff,0.915
0.433,3,0.012,,0.544,,rg29fa,0.644
0.384,4,0.014,,0.565,,rg29eg,0.807
0.524,,,,0.412,,rg29er,0.94
0.496,4,0.012,,0.67,,rg29et,0.801
0.455,11,0.033,,0.591,,rg29fp,0.679
0.455,11,0.033,,0.591,,rg29ft,0.679
0.496,4,0.012,,0.67,,rg29dz,0.801
0.384,4,0.014,,0.565,,rg29dx,0.807
0.455,11,0.033,,0.591,,rg29fr,0.679
0.496,,,,0.464,,rg29ef,0.86
0.491,1,0.003,,0.658,,rg29gb,0.911
0.22,4,0.011,,0.351,,rg29fw,0.803
0.496,,,,0.464,,rg29fu,0.86
0.412,,,,0.444,,rg29fy,0.926
0.389,,,,0.486,,rg29fq,0.953
0.491,1,0.003,,0.658,,rg29ge,0.911
0.393,3,0.01,,0.614,,rg29fh,0.939
0.496,,,,0.464,,rg29gf,0.86
0.411,4,0.015,,0.621,,rg29fn,0.665
0.411,4,0.015,,0.621,,rg29fj,0.665
0.384,4,0.014,,0.565,,rg29eq,0.807
0.496,,,,0.464,,rg29gg,0.86
0.491,1,0.003,,0.658,,rg29gp,0.911
0.389,,,,0.486,,rg29fd,0.953
0.491,1,0.003,,0.658,,rg29gs,0.911
0.491,1,0.003,,0.658,,rg29gw,0.911
0.51,9,0.025,,0.565,,rg29fs,0.653
0.496,,,,0.464,,rg29gd,0.86
0.491,1,0.003,,0.658,,rg29gx,0.911
0.51,9,0.025,,0.565,,rg29gy,0.653
0.583,,,,0.446,,rg29gz,0.977
0.496,,,,0.464,,rg29ep,0.86
0.496,,,,0.464,,rg29gh,0.86
0.544,4,0.01,,0.511,,rg29fx,0.74
0.482,1,0.003,,0.586,,rg29hh,0.862
0.393,3,0.01,,0.614,,rg29gn,0.939
0.247,2,0.007,,0.427,,rg29hl,0.931
0.491,1,0.003,,0.658,,rg29gj,0.911
0.411,4,0.015,,0.621,,rg29fl,0.665
0.495,3,0.009,,0.394,,rg29hp,0.946
0.495,3,0.009,,0.394,,rg29hn,0.946
0.495,3,0.009,,0.394,,rg29hr,0.946
0.495,3,0.009,,0.394,,rg29ht,0.946
0.384,4,0.014,,0.565,,rg29hg,0.807
0.491,1,0.003,,0.658,,rg29gl,0.911
0.247,2,0.007,,0.427,,rg29ha,0.931
0.491,1,0.003,,0.658,,rg29gq,0.911
0.495,3,0.009,,0.394,,rg29hw,0.946
0.495,3,0.009,,0.394,,rg29hy,0.946
0.495,3,0.009,,0.394,,rg29hs,0.946
0.495,3,0.009,,0.394,,rg29jb,0.946
0.495,3,0.009,,0.394,,rg29ja,0.946
0.532,6,0.025,,0.5,,rg29jf,0.844
0.532,6,0.025,,0.5,,rg29jg,0.844
0.532,6,0.025,,0.5,,rg29je,0.844
0.598,8,0.034,,0.642,,rg29he,0.732
0.495,3,0.009,,0.394,,rg29hd,0.946
0.495,3,0.009,,0.394,,rg29jn,0.946
0.412,,,,0.444,,rg29fz,0.926
0.336,,,,0.487,,rg29jh,0.98
0.583,,,,0.446,,rg29gr,0.977
0.532,6,0.025,,0.5,,rg29jj,0.844
0.532,6,0.025,,0.5,,rg29jq,0.844
0.495,3,0.009,,0.394,,rg29jd,0.946
0.495,3,0.009,,0.394,,rg29jw,0.946
0.336,,,,0.487,,rg29ju,0.98
0.336,,,,0.487,,rg29jx,0.98
0.336,,,,0.487,,rg29jy,0.98
0.569,,,,0.444,,rg29jz,0.959
0.495,3,0.009,,0.394,,rg29hx,0.946
0.569,,,,0.444,,rg29la,0.959
0.384,4,0.014,,0.565,,rg29hq,0.807
0.524,2,0.008,,0.475,,rg29lf,0.914
0.491,,,,0.617,,rg29hj,0.864
0.496,,,,0.464,,rg29lh,0.86
0.336,,,,0.487,,rg29jt,0.98
0.336,,,,0.487,,rg29js,0.98
0.239,,,,0.844,,rg29lj,0.921
0.495,3,0.009,,0.394,,rg29hu,0.946
0.496,,,,0.464,,rg29lb,0.86
0.524,2,0.008,,0.475,,rg29le,0.914
0.491,,,,0.617,,rg29lq,0.864
0.491,1,0.003,,0.658,,rg29lu,0.911
0.482,1,0.003,,0.586,,rg29hf,0.862
0.239,,,,0.844,,rg29lt,0.921
0.239,,,,0.844,,rg29lp,0.921
0.491,1,0.003,,0.658,,rg29ln,0.911
0.491,1,0.003,,0.658,,rg29lx,0.911
0.491,,,,0.617,,rg29lg,0.864
0.491,1,0.003,,0.658,,rg29ly,0.911
0.239,,,,0.844,,rg29ls,0.921
0.372,2,0.003,,0.544,,rg29nf,0.915
0.532,6,0.025,,0.5,,rg29jl,0.844
0.524,2,0.008,,0.475,,rg29ld,0.914
0.491,1,0.003,,0.658,,rg29ll,0.911
0.265,,,,0.547,,rg29nn,0.957
0.372,2,0.003,,0.544,,rg29ne,0.915
0.491,1,0.003,,0.658,,rg29np,0.911
0.372,2,0.003,,0.544,,rg29ng,0.915
0.372,2,0.003,,0.544,,rg29nr,0.915
0.491,1,0.003,,0.658,,rg29nl,0.911
0.252,,,,0.568,,rg29ns,0.811
0.491,1,0.003,,0.658,,rg29nj,0.911
0.491,1,0.003,,0.658,,rg29na,0.911
0.336,,,,0.487,,rg29ny,0.98
0.336,,,,0.487,,rg29nx,0.98
0.495,3,0.009,,0.394,,rg29jp,0.946
0.389,,,,0.486,,rg29lz,0.953
0.318,,,,0.382,,rg29pd,0.958
0.252,,,,0.568,,rg29lw,0.811
0.495,3,0.009,,0.394,,rg29hz,0.946
0.491,1,0.003,,0.658,,rg29nu,0.911
0.336,,,,0.487,,rg29jr,0.98
0.372,2,0.003,,0.544,,rg29nz,0.915
0.239,,,,0.844,,rg29nw,0.921
0.389,,,,0.486,,rg29pl,0.953
0.336,,,,0.487,,rg29pq,0.98
0.389,,,,0.486,,rg29pr,0.953
0.372,2,0.003,,0.544,,rg29nd,0.915
0.265,,,,0.547,,rg29pt,0.957
0.252,,,,0.568,,rg29nt,0.811
0.318,,,,0.382,,rg29px,0.958
0.336,,,,0.487,,rg29pb,0.98
0.318,,,,0.382,,rg29py,0.958
0.318,,,,0.382,,rg29pz,0.958
0.336,,,,0.487,,rg29pu,0.98
0.336,,,,0.487,,rg29ph,0.98
0.336,,,,0.487,,rg29qd,0.98
0.389,,,,0.486,,rg29pj,0.953
0.318,,,,0.382,,rg29pe,0.958
0.389,,,,0.486,,rg29pp,0.953
0.336,,,,0.487,,rg29pf,0.98
0.336,,,,0.487,,rg29qe,0.98
0.252,,,,0.568,,rg29qn,0.811
0.372,2,0.003,,0.544,,rg29qp,0.915
0.389,,,,0.486,,rg29ps,0.953
0.389,,,,0.486,,rg29pn,0.953
0.495,3,0.009,,0.394,,rg29qr,0.946
0.265,,,,0.547,,rg29qj,0.957
0.372,2,0.003,,0.544,,rg29ql,0.915
0.336,,,,0.487,,rg29qa,0.98
0.491,1,0.003,,0.658,,rg29nb,0.911
0.318,,,,0.382,,rg29pa,0.958
0.239,,,,0.844,,rg29nh,0.921
0.372,2,0.003,,0.544,,rg29nq,0.915
0.384,4,0.014,,0.565,,rg29rb,0.807
0.239,,,,0.844,,rg29qg,0.921
0.372,2,0.003,,0.544,,rg29qz,0.915
0.384,4,0.014,,0.565,,rg29rd,0.807
0.384,4,0.014,,0.565,,rg29ra,0.807
0.384,4,0.014,,0.565,,rg29rj,0.807
0.598,8,0.034,,0.642,,rg29rg,0.732
0.372,2,0.003,,0.544,,rg29qs,0.915
0.384,4,0.014,,0.565,,rg29rl,0.807
0.433,3,0.012,,0.544,,rg29qy,0.644
0.384,4,0.014,,0.565,,rg29rh,0.807
0.384,4,0.014,,0.565,,rg29rs,0.807
0.374,,,,0.767,,rg29rt,0.709
0.336,,,,0.487,,rg29pg,0.98
0.433,3,0.012,,0.544,,rg29ru,0.644
0.433,3,0.012,,0.544,,rg29qx,0.644
0.336,,,,0.487,,rg29qb,0.98
0.433,3,0.012,,0.544,,rg29rx,0.644
0.336,,,,0.487,,rg29qf,0.98
0.598,8,0.034,,0.642,,rg29re,0.732
0.318,,,,0.382,,rg29qh,0.958
0.265,,,,0.547,,rg29qq,0.957
0.384,4,0.014,,0.565,,rg29rr,0.807
