,postcode
0,rg11aa
1,rg11af
2,rg11ag
3,rg11ah
4,rg11aj
5,rg11al
6,rg11an
7,rg11aq
8,rg11ar
9,rg11as
10,rg11at
11,rg11au
12,rg11aw
13,rg11ax
14,rg11ay
15,rg11az
16,rg11ba
17,rg11bb
18,rg11bd
19,rg11be
20,rg11bf
21,rg11bg
22,rg11bh
23,rg11bj
24,rg11bl
25,rg11bp
26,rg11bq
27,rg11bs
28,rg11bt
29,rg11bu
30,rg11bw
31,rg11bx
32,rg11by
33,rg11bz
34,rg11da
35,rg11db
36,rg11dd
37,rg11de
38,rg11df
39,rg11dg
40,rg11dh
41,rg11dj
42,rg11dl
43,rg11dn
44,rg11dp
45,rg11dq
46,rg11dr
47,rg11ds
48,rg11dt
49,rg11du
50,rg11dw
51,rg11dx
52,rg11dy
53,rg11dz
54,rg11ea
55,rg11eb
56,rg11ed
57,rg11ee
58,rg11ef
59,rg11eg
60,rg11eh
61,rg11ej
62,rg11el
63,rg11en
64,rg11ep
65,rg11eq
66,rg11er
67,rg11es
68,rg11et
69,rg11eu
70,rg11ew
71,rg11ex
72,rg11ey
73,rg11ez
74,rg11fb
75,rg11fd
76,rg11fe
77,rg11ff
78,rg11fg
79,rg11fh
80,rg11fj
81,rg11fl
82,rg11fn
83,rg11fp
84,rg11fq
85,rg11fr
86,rg11fs
87,rg11ft
88,rg11fu
89,rg11fw
90,rg11fx
91,rg11fy
92,rg11fz
93,rg11ga
94,rg11gb
95,rg11gd
96,rg11ge
97,rg11gf
98,rg11gg
99,rg11gh
100,rg11gj
101,rg11gl
102,rg11gn
103,rg11gp
104,rg11gq
105,rg11gr
106,rg11gs
107,rg11gt
108,rg11gu
109,rg11gw
110,rg11gx
111,rg11gy
112,rg11gz
113,rg11ha
114,rg11hb
115,rg11hd
116,rg11he
117,rg11hf
118,rg11hg
119,rg11hh
120,rg11hj
121,rg11hl
122,rg11hn
123,rg11hp
124,rg11hq
125,rg11hr
126,rg11hs
127,rg11ht
128,rg11hu
129,rg11hw
130,rg11hx
131,rg11hy
132,rg11hz
133,rg11ja
134,rg11jd
135,rg11je
136,rg11jf
137,rg11jg
138,rg11jh
139,rg11jj
140,rg11jl
141,rg11jn
142,rg11jq
143,rg11jr
144,rg11js
145,rg11jt
146,rg11ju
147,rg11jw
148,rg11jx
149,rg11jy
150,rg11jz
151,rg11la
152,rg11lb
153,rg11ld
154,rg11le
155,rg11lf
156,rg11lg
157,rg11lh
158,rg11lj
159,rg11ll
160,rg11lp
161,rg11lr
162,rg11ls
163,rg11lt
164,rg11lu
165,rg11lw
166,rg11lx
167,rg11ly
168,rg11lz
169,rg11na
170,rg11nb
171,rg11nd
172,rg11ne
173,rg11nf
174,rg11ng
175,rg11nh
176,rg11nj
177,rg11nl
178,rg11nn
179,rg11np
180,rg11nq
181,rg11nr
182,rg11ns
183,rg11nt
184,rg11nu
185,rg11nw
186,rg11nx
187,rg11ny
188,rg11nz
189,rg11pa
190,rg11pb
191,rg11pd
192,rg11pe
193,rg11pf
194,rg11pg
195,rg11ph
196,rg11pj
197,rg11pl
198,rg11pn
199,rg11pp
200,rg11pq
201,rg11pr
202,rg11ps
203,rg11pt
204,rg11pw
205,rg11px
206,rg11py
207,rg11pz
208,rg11qa
209,rg11qb
210,rg11qd
211,rg11qe
212,rg11qf
213,rg11qg
214,rg11qh
215,rg11ql
216,rg11qp
217,rg11qq
218,rg11qr
219,rg11qs
220,rg11qu
221,rg11qx
222,rg11qy
223,rg11ra
224,rg11rb
225,rg11rd
226,rg11rf
227,rg11rg
228,rg11rh
229,rg11rj
230,rg11rl
231,rg11rn
232,rg11rp
233,rg11rr
234,rg11rs
235,rg11rt
236,rg11ru
237,rg11rw
238,rg11rx
239,rg11ry
240,rg11sb
241,rg11sd
242,rg11se
243,rg11sf
244,rg11sg
245,rg11sh
246,rg11sj
247,rg11sl
248,rg11sn
249,rg11sp
250,rg11sq
251,rg11sr
252,rg11ss
253,rg11st
254,rg11su
255,rg11sw
256,rg11sx
257,rg11sy
258,rg11sz
259,rg11ta
260,rg11tb
261,rg11td
262,rg11te
263,rg11tf
264,rg11tg
265,rg11th
266,rg11tj
267,rg11tl
268,rg11tn
269,rg11tq
270,rg11tr
271,rg11ts
272,rg11tt
273,rg11tu
274,rg11tx
275,rg11ty
276,rg11tz
277,rg11ua
278,rg11ub
279,rg11ud
280,rg11ue
281,rg11uf
282,rg11ug
283,rg11uh
284,rg11uj
285,rg11ul
286,rg11un
287,rg11up
288,rg11uq
289,rg11uz
290,rg11wd
291,rg11wx
292,rg11wy
293,rg11xa
294,rg11xb
295,rg11xd
296,rg11xg
297,rg11xh
298,rg11xj
299,rg11xl
300,rg11xn
301,rg11xp
302,rg11xq
303,rg11xr
304,rg11xs
305,rg11xt
306,rg11xw
307,rg11xz
308,rg11ya
309,rg11ye
310,rg11zq
311,rg11zs
312,rg12aa
313,rg12ab
314,rg12ad
315,rg12ae
316,rg12af
317,rg12ag
318,rg12ah
319,rg12aj
320,rg12al
321,rg12an
322,rg12ap
323,rg12aq
324,rg12ar
325,rg12as
326,rg12at
327,rg12au
328,rg12aw
329,rg12ax
330,rg12ay
331,rg12az
332,rg12ba
333,rg12bb
334,rg12bd
335,rg12be
336,rg12bf
337,rg12bg
338,rg12bh
339,rg12bj
340,rg12bl
341,rg12bn
342,rg12bp
343,rg12bq
344,rg12bs
345,rg12bt
346,rg12bu
347,rg12bw
348,rg12bx
349,rg12db
350,rg12dd
351,rg12de
352,rg12df
353,rg12dg
354,rg12dh
355,rg12dj
356,rg12dl
357,rg12dn
358,rg12dp
359,rg12dq
360,rg12ds
361,rg12dt
362,rg12dw
363,rg12dx
364,rg12ea
365,rg12eb
366,rg12ed
367,rg12ee
368,rg12ef
369,rg12eg
370,rg12eh
371,rg12ej
372,rg12el
373,rg12en
374,rg12ep
375,rg12eq
376,rg12er
377,rg12es
378,rg12eu
379,rg12ew
380,rg12fa
381,rg12fb
382,rg12fd
383,rg12fe
384,rg12ff
385,rg12fg
386,rg12fh
387,rg12fj
388,rg12fl
389,rg12fn
390,rg12fq
391,rg12fw
392,rg12gp
393,rg12gu
394,rg12gw
395,rg12ha
396,rg12hb
397,rg12hd
398,rg12he
399,rg12hf
400,rg12hg
401,rg12hh
402,rg12hj
403,rg12hl
404,rg12hn
405,rg12hp
406,rg12hq
407,rg12hs
408,rg12ht
409,rg12hu
410,rg12hw
411,rg12hx
412,rg12hz
413,rg12ja
414,rg12jb
415,rg12je
416,rg12jf
417,rg12jg
418,rg12jh
419,rg12jj
420,rg12jl
421,rg12jn
422,rg12jp
423,rg12jq
424,rg12jr
425,rg12js
426,rg12jt
427,rg12jw
428,rg12la
429,rg12lb
430,rg12ld
431,rg12lg
432,rg12lh
433,rg12lj
434,rg12ll
435,rg12ln
436,rg12lp
437,rg12lq
438,rg12lr
439,rg12ls
440,rg12lt
441,rg12lu
442,rg12lw
443,rg12lx
444,rg12ly
445,rg12lz
446,rg12na
447,rg12nb
448,rg12nd
449,rg12ne
450,rg12nf
451,rg12ng
452,rg12nh
453,rg12nj
454,rg12nl
455,rg12nn
456,rg12np
457,rg12nq
458,rg12nr
459,rg12ns
460,rg12nt
461,rg12nu
462,rg12nw
463,rg12nx
464,rg12ny
465,rg12nz
466,rg12pa
467,rg12pb
468,rg12pd
469,rg12pe
470,rg12pf
471,rg12pg
472,rg12pj
473,rg12pl
474,rg12pn
475,rg12pp
476,rg12pq
477,rg12pr
478,rg12ps
479,rg12pu
480,rg12px
481,rg12py
482,rg12pz
483,rg12qa
484,rg12qb
485,rg12qd
486,rg12qe
487,rg12qf
488,rg12qg
489,rg12qh
490,rg12qj
491,rg12ql
492,rg12qn
493,rg12qp
494,rg12qr
495,rg12qs
496,rg12qt
497,rg12qu
498,rg12qw
499,rg12qx
500,rg12qy
501,rg12qz
502,rg12ra
503,rg12rb
504,rg12rd
505,rg12re
506,rg12rf
507,rg12rh
508,rg12rl
509,rg12rp
510,rg12rs
511,rg12rt
512,rg12ru
513,rg12rw
514,rg12rx
515,rg12ry
516,rg12rz
517,rg12sa
518,rg12sb
519,rg12sd
520,rg12se
521,rg12sf
522,rg12sg
523,rg12sh
524,rg12sj
525,rg12sl
526,rg12sn
527,rg12sp
528,rg12sq
529,rg12sr
530,rg12ss
531,rg12st
532,rg12su
533,rg12sw
534,rg12sx
535,rg12sy
536,rg12sz
537,rg12ta
538,rg12tb
539,rg12td
540,rg12te
541,rg12tf
542,rg12tg
543,rg12th
544,rg12tl
545,rg12tn
546,rg12tq
547,rg12tr
548,rg12ts
549,rg12tt
550,rg12tw
551,rg12ub
552,rg12wa
553,rg12wb
554,rg12wg
555,rg12wj
556,rg12wq
557,rg12wx
558,rg12wz
559,rg12xa
560,rg12xb
561,rg12xd
562,rg12xe
563,rg12xf
564,rg12xg
565,rg12xh
566,rg12xj
567,rg12xl
568,rg12xn
569,rg12xp
570,rg12xq
571,rg12xr
572,rg12xs
573,rg12xt
574,rg12xu
575,rg12xw
576,rg12xx
577,rg12xy
578,rg12xz
579,rg12ya
580,rg12yb
581,rg12yd
582,rg12ye
583,rg12yf
584,rg12yg
585,rg12yh
586,rg12yj
587,rg12yl
588,rg12yn
589,rg12yq
590,rg12yr
591,rg12ys
592,rg12yt
593,rg12yu
594,rg12yw
595,rg12yy
596,rg12yz
597,rg12zh
598,rg12zj
599,rg12zn
600,rg12zq
601,rg12zr
602,rg12zt
603,rg13aa
604,rg13ab
605,rg13ad
606,rg13ae
607,rg13af
608,rg13ag
609,rg13ah
610,rg13aj
611,rg13al
612,rg13an
613,rg13ap
614,rg13aq
615,rg13ar
616,rg13as
617,rg13at
618,rg13au
619,rg13aw
620,rg13ax
621,rg13ay
622,rg13az
623,rg13ba
624,rg13bb
625,rg13bd
626,rg13be
627,rg13bf
628,rg13bg
629,rg13bh
630,rg13bj
631,rg13bl
632,rg13bn
633,rg13bp
634,rg13bq
635,rg13bs
636,rg13bt
637,rg13bu
638,rg13bw
639,rg13bx
640,rg13by
641,rg13bz
642,rg13da
643,rg13db
644,rg13dd
645,rg13de
646,rg13df
647,rg13dg
648,rg13dh
649,rg13dj
650,rg13dl
651,rg13dn
652,rg13dp
653,rg13dq
654,rg13dr
655,rg13ds
656,rg13dt
657,rg13du
658,rg13dw
659,rg13dx
660,rg13dy
661,rg13dz
662,rg13ea
663,rg13eb
664,rg13ed
665,rg13ee
666,rg13ef
667,rg13eg
668,rg13eh
669,rg13ej
670,rg13el
671,rg13en
672,rg13ep
673,rg13eq
674,rg13er
675,rg13es
676,rg13et
677,rg13eu
678,rg13ew
679,rg13ex
680,rg13ey
681,rg13ez
682,rg13fa
683,rg13fb
684,rg13fd
685,rg13fe
686,rg13ff
687,rg13fg
688,rg13fh
689,rg13fj
690,rg13fl
691,rg13fn
692,rg13fp
693,rg13fq
694,rg13fr
695,rg13fs
696,rg13ga
697,rg13gd
698,rg13gf
699,rg13gg
700,rg13gh
701,rg13gj
702,rg13ha
703,rg13hb
704,rg13hd
705,rg13he
706,rg13hf
707,rg13hg
708,rg13hh
709,rg13hj
710,rg13hl
711,rg13hn
712,rg13hp
713,rg13hq
714,rg13hr
715,rg13hs
716,rg13ht
717,rg13hw
718,rg13hx
719,rg13hy
720,rg13hz
721,rg13ja
722,rg13jb
723,rg13jd
724,rg13je
725,rg13jf
726,rg13jg
727,rg13jh
728,rg13jj
729,rg13jl
730,rg13jn
731,rg13jp
732,rg13jq
733,rg13jr
734,rg13js
735,rg13jt
736,rg13ju
737,rg13jw
738,rg13jx
739,rg13jy
740,rg13jz
741,rg13la
742,rg13lb
743,rg13ld
744,rg13le
745,rg13lf
746,rg13lg
747,rg13lh
748,rg13lj
749,rg13ll
750,rg13ln
751,rg13lp
752,rg13lq
753,rg13lr
754,rg13ls
755,rg13lt
756,rg13lu
757,rg13lw
758,rg13lx
759,rg13ly
760,rg13lz
761,rg13na
762,rg13nb
763,rg13nd
764,rg13ne
765,rg13nf
766,rg13ng
767,rg13nh
768,rg13nj
769,rg13nl
770,rg13nn
771,rg13nq
772,rg13nr
773,rg13nt
774,rg13nu
775,rg13nw
776,rg13nx
777,rg13ny
778,rg13nz
779,rg13pa
780,rg13pb
781,rg13pe
782,rg13pf
783,rg13pg
784,rg13ph
785,rg13pj
786,rg13pl
787,rg13pn
788,rg13pp
789,rg13pq
790,rg13pr
791,rg13ps
792,rg13pt
793,rg13pu
794,rg13pw
795,rg13px
796,rg13py
797,rg13qa
798,rg13qb
799,rg13qd
800,rg13qe
801,rg13qf
802,rg13qg
803,rg13qh
804,rg13qj
805,rg13ql
806,rg13qn
807,rg13qp
808,rg13qq
809,rg13qr
810,rg13qt
811,rg13qw
812,rg13qx
813,rg13sz
814,rg13tg
815,rg13th
816,rg13tj
817,rg13tl
818,rg13tn
819,rg13tp
820,rg13tq
821,rg13tr
822,rg13ts
823,rg13tt
824,rg13tu
825,rg13tw
826,rg13tx
827,rg13ty
828,rg13tz
829,rg13ua
830,rg13ub
831,rg13ud
832,rg13ue
833,rg13uf
834,rg13ug
835,rg13uh
836,rg13uj
837,rg13ul
838,rg13un
839,rg13up
840,rg13uq
841,rg13ur
842,rg13us
843,rg13ut
844,rg13uu
845,rg13uw
846,rg13ux
847,rg13uy
848,rg13uz
849,rg13wa
850,rg13wb
851,rg13wd
852,rg13we
853,rg13wg
854,rg13wh
855,rg13wj
856,rg13wl
857,rg13wn
858,rg13wp
859,rg13wr
860,rg13ws
861,rg13wt
862,rg13wu
863,rg13ww
864,rg13wx
865,rg13wy
866,rg13wz
867,rg13xa
868,rg13xb
869,rg13xd
870,rg13xe
871,rg13xf
872,rg13xg
873,rg13xh
874,rg13xj
875,rg13xl
876,rg13xn
877,rg13xp
878,rg13xq
879,rg13xr
880,rg13xs
881,rg13xt
882,rg13xu
883,rg13xw
884,rg13xx
885,rg13xy
886,rg13xz
887,rg13ya
888,rg13yb
889,rg13yd
890,rg13ye
891,rg13yf
892,rg13yg
893,rg13yh
894,rg13yj
895,rg13yl
896,rg13yn
897,rg13yp
898,rg13yq
899,rg13yr
900,rg13ys
901,rg13yt
902,rg13yu
903,rg13yw
904,rg13yx
905,rg13yy
906,rg13yz
907,rg13ze
908,rg13zn
909,rg14aa
910,rg14ad
911,rg14ae
912,rg14af
913,rg14ag
914,rg14ah
915,rg14aj
916,rg14al
917,rg14an
918,rg14ap
919,rg14aq
920,rg14ar
921,rg14as
922,rg14at
923,rg14au
924,rg14aw
925,rg14ax
926,rg14ay
927,rg14az
928,rg14ba
929,rg14bb
930,rg14bd
931,rg14be
932,rg14bf
933,rg14bg
934,rg14bh
935,rg14bl
936,rg14bn
937,rg14bp
938,rg14bq
939,rg14bs
940,rg14bt
941,rg14bu
942,rg14bw
943,rg14bx
944,rg14by
945,rg14bz
946,rg14da
947,rg14db
948,rg14dd
949,rg14de
950,rg14df
951,rg14dg
952,rg14dh
953,rg14dj
954,rg14dl
955,rg14dn
956,rg14dp
957,rg14dq
958,rg14dr
959,rg14ds
960,rg14dt
961,rg14du
962,rg14dw
963,rg14dx
964,rg14dy
965,rg14dz
966,rg14ea
967,rg14eb
968,rg14ed
969,rg14ee
970,rg14ef
971,rg14eg
972,rg14eh
973,rg14ej
974,rg14el
975,rg14en
976,rg14ep
977,rg14eq
978,rg14er
979,rg14es
980,rg14et
981,rg14eu
982,rg14ew
983,rg14ex
984,rg14ey
985,rg14ez
986,rg14fa
987,rg14fb
988,rg14fd
989,rg14fe
990,rg14ff
991,rg14fg
992,rg14fh
993,rg14fj
994,rg14fl
995,rg14ft
996,rg14ga
997,rg14gp
998,rg14gq
999,rg14ha
1000,rg14hb
1001,rg14hd
1002,rg14hf
1003,rg14hj
1004,rg14hl
1005,rg14hn
1006,rg14hp
1007,rg14hr
1008,rg14hs
1009,rg14ht
1010,rg14hu
1011,rg14hw
1012,rg14hx
1013,rg14hy
1014,rg14hz
1015,rg14ja
1016,rg14jb
1017,rg14jd
1018,rg14je
1019,rg14jf
1020,rg14jg
1021,rg14jh
1022,rg14jj
1023,rg14jl
1024,rg14jn
1025,rg14jq
1026,rg14jr
1027,rg14js
1028,rg14jt
1029,rg14ju
1030,rg14jw
1031,rg14la
1032,rg14lb
1033,rg14ld
1034,rg14le
1035,rg14lf
1036,rg14lg
1037,rg14lh
1038,rg14lj
1039,rg14ll
1040,rg14ln
1041,rg14lp
1042,rg14lr
1043,rg14ls
1044,rg14lt
1045,rg14lu
1046,rg14lw
1047,rg14lx
1048,rg14ly
1049,rg14lz
1050,rg14na
1051,rg14nd
1052,rg14ng
1053,rg14nh
1054,rg14nj
1055,rg14nl
1056,rg14nn
1057,rg14np
1058,rg14nq
1059,rg14nr
1060,rg14nt
1061,rg14nu
1062,rg14nw
1063,rg14nx
1064,rg14ny
1065,rg14nz
1066,rg14pa
1067,rg14pb
1068,rg14pd
1069,rg14pe
1070,rg14pf
1071,rg14pg
1072,rg14ph
1073,rg14pj
1074,rg14pl
1075,rg14pn
1076,rg14pp
1077,rg14pq
1078,rg14pr
1079,rg14ps
1080,rg14pt
1081,rg14pu
1082,rg14pw
1083,rg14px
1084,rg14py
1085,rg14pz
1086,rg14qa
1087,rg14qb
1088,rg14qd
1089,rg14qe
1090,rg14qg
1091,rg14qh
1092,rg14qj
1093,rg14ql
1094,rg14qn
1095,rg14qp
1096,rg14qq
1097,rg14qr
1098,rg14qs
1099,rg14qt
1100,rg14qu
1101,rg14qw
1102,rg14qx
1103,rg14qy
1104,rg14qz
1105,rg14ra
1106,rg14rb
1107,rg14rd
1108,rg14re
1109,rg14rf
1110,rg14rg
1111,rg14rh
1112,rg14rj
1113,rg14rl
1114,rg14rn
1115,rg14rp
1116,rg14rq
1117,rg14rr
1118,rg14rs
1119,rg14rt
1120,rg14ru
1121,rg14rw
1122,rg14rx
1123,rg14ry
1124,rg14sa
1125,rg14sb
1126,rg14sd
1127,rg14se
1128,rg14sf
1129,rg14sg
1130,rg14sh
1131,rg14sj
1132,rg14sl
1133,rg14sn
1134,rg14sp
1135,rg14sq
1136,rg14sr
1137,rg14ss
1138,rg14st
1139,rg14su
1140,rg14sx
1141,rg14sy
1142,rg14ta
1143,rg14tb
1144,rg14td
1145,rg14te
1146,rg14tp
1147,rg14tr
1148,rg14ts
1149,rg14tt
1150,rg14tw
1151,rg14ua
1152,rg14ub
1153,rg14ud
1154,rg14ug
1155,rg14ux
1156,rg14wa
1157,rg14wb
1158,rg14wd
1159,rg14we
1160,rg14wg
1161,rg14wh
1162,rg14wj
1163,rg14wn
1164,rg14wq
1165,rg14wx
1166,rg14wy
1167,rg14wz
1168,rg14xa
1169,rg14xb
1170,rg14xd
1171,rg14xe
1172,rg14xf
1173,rg14xg
1174,rg14xh
1175,rg14xj
1176,rg14xl
1177,rg14xn
1178,rg14xp
1179,rg14xq
1180,rg14xr
1181,rg14xs
1182,rg14xt
1183,rg14xu
1184,rg14xw
1185,rg14xx
1186,rg14xy
1187,rg14xz
1188,rg14ya
1189,rg14yb
1190,rg14yd
1191,rg14ye
1192,rg14yf
1193,rg14yg
1194,rg14yh
1195,rg14yj
1196,rg14yl
1197,rg14yn
1198,rg14yp
1199,rg14yq
1200,rg14yr
1201,rg14ys
1202,rg14yt
1203,rg14yu
1204,rg14yw
1205,rg14yx
1206,rg14yy
1207,rg14yz
1208,rg14zr
1209,rg15aa
1210,rg15ab
1211,rg15ad
1212,rg15ae
1213,rg15af
1214,rg15ag
1215,rg15ah
1216,rg15aj
1217,rg15al
1218,rg15an
1219,rg15ap
1220,rg15aq
1221,rg15ar
1222,rg15as
1223,rg15at
1224,rg15au
1225,rg15aw
1226,rg15ax
1227,rg15ay
1228,rg15az
1229,rg15ba
1230,rg15bb
1231,rg15bd
1232,rg15be
1233,rg15bf
1234,rg15bg
1235,rg15bh
1236,rg15bj
1237,rg15bl
1238,rg15bn
1239,rg15bp
1240,rg15bq
1241,rg15bs
1242,rg15bu
1243,rg15bw
1244,rg15bx
1245,rg15by
1246,rg15bz
1247,rg15da
1248,rg15db
1249,rg15dd
1250,rg15de
1251,rg15df
1252,rg15dg
1253,rg15dh
1254,rg15dj
1255,rg15dl
1256,rg15dn
1257,rg15dp
1258,rg15dq
1259,rg15dr
1260,rg15ds
1261,rg15dt
1262,rg15du
1263,rg15dw
1264,rg15dx
1265,rg15dz
1266,rg15ea
1267,rg15eb
1268,rg15ed
1269,rg15ee
1270,rg15ef
1271,rg15ej
1272,rg15en
1273,rg15ep
1274,rg15er
1275,rg15es
1276,rg15eu
1277,rg15ex
1278,rg15ey
1279,rg15ez
1280,rg15ha
1281,rg15hb
1282,rg15hd
1283,rg15he
1284,rg15hf
1285,rg15hg
1286,rg15hh
1287,rg15hj
1288,rg15hl
1289,rg15hn
1290,rg15hp
1291,rg15hq
1292,rg15hr
1293,rg15hs
1294,rg15ht
1295,rg15hu
1296,rg15hw
1297,rg15hx
1298,rg15hy
1299,rg15hz
1300,rg15ja
1301,rg15jb
1302,rg15jd
1303,rg15je
1304,rg15jf
1305,rg15jg
1306,rg15jh
1307,rg15jj
1308,rg15jl
1309,rg15jn
1310,rg15jp
1311,rg15jq
1312,rg15jr
1313,rg15js
1314,rg15jt
1315,rg15ju
1316,rg15jw
1317,rg15jz
1318,rg15la
1319,rg15lb
1320,rg15ld
1321,rg15le
1322,rg15lf
1323,rg15lg
1324,rg15lh
1325,rg15lj
1326,rg15ll
1327,rg15ln
1328,rg15lp
1329,rg15lq
1330,rg15lr
1331,rg15ls
1332,rg15lt
1333,rg15lu
1334,rg15lw
1335,rg15lx
1336,rg15ly
1337,rg15lz
1338,rg15na
1339,rg15nb
1340,rg15nd
1341,rg15ne
1342,rg15nf
1343,rg15ng
1344,rg15nh
1345,rg15nj
1346,rg15nl
1347,rg15nn
1348,rg15np
1349,rg15nq
1350,rg15nr
1351,rg15ns
1352,rg15nt
1353,rg15nu
1354,rg15nw
1355,rg15nx
1356,rg15ny
1357,rg15pa
1358,rg15pb
1359,rg15pd
1360,rg15pe
1361,rg15pf
1362,rg15pg
1363,rg15ph
1364,rg15pj
1365,rg15pl
1366,rg15pn
1367,rg15pp
1368,rg15pq
1369,rg15pr
1370,rg15ps
1371,rg15pt
1372,rg15pu
1373,rg15pw
1374,rg15px
1375,rg15py
1376,rg15pz
1377,rg15qa
1378,rg15qb
1379,rg15qd
1380,rg15qe
1381,rg15qf
1382,rg15qg
1383,rg15qh
1384,rg15qj
1385,rg15ql
1386,rg15qn
1387,rg15qp
1388,rg15qr
1389,rg15qs
1390,rg15qt
1391,rg15qu
1392,rg15qw
1393,rg15qx
1394,rg15qy
1395,rg15ra
1396,rg15rb
1397,rg15rd
1398,rg15re
1399,rg15rf
1400,rg15rg
1401,rg15rh
1402,rg15rj
1403,rg15rl
1404,rg15rn
1405,rg15rp
1406,rg15rq
1407,rg15rr
1408,rg15rt
1409,rg15ru
1410,rg15rw
1411,rg15rx
1412,rg15ry
1413,rg15rz
1414,rg15sa
1415,rg15sb
1416,rg15sd
1417,rg15se
1418,rg15sf
1419,rg15sg
1420,rg15sh
1421,rg15sj
1422,rg15sl
1423,rg15sn
1424,rg15sp
1425,rg15sq
1426,rg15sr
1427,rg15ss
1428,rg15st
1429,rg15su
1430,rg15sw
1431,rg15sx
1432,rg15sy
1433,rg15sz
1434,rg15ta
1435,rg15tt
1436,rg15tx
1437,rg15ty
1438,rg15tz
1439,rg15ua
1440,rg15ub
1441,rg15ud
1442,rg15ue
1443,rg15uf
1444,rg15ug
1445,rg15uh
1446,rg15uj
1447,rg15ul
1448,rg15un
1449,rg15uq
1450,rg15uz
1451,rg15wa
1452,rg15wb
1453,rg15wd
1454,rg15we
1455,rg15wf
1456,rg15wg
1457,rg15wh
1458,rg15wj
1459,rg15wq
1460,rg15wy
1461,rg15wz
1462,rg15xa
1463,rg15xb
1464,rg15xd
1465,rg15xe
1466,rg15xf
1467,rg15xg
1468,rg15xh
1469,rg15xj
1470,rg15xl
1471,rg15xn
1472,rg15xp
1473,rg15xq
1474,rg15xr
1475,rg15xs
1476,rg15xt
1477,rg15xu
1478,rg15xw
1479,rg15xx
1480,rg15xy
1481,rg15xz
1482,rg15ya
1483,rg15yb
1484,rg15yd
1485,rg15ye
1486,rg15yf
1487,rg15yg
1488,rg15yh
1489,rg15yj
1490,rg15yl
1491,rg15yn
1492,rg15yp
1493,rg15yq
1494,rg15yr
1495,rg15ys
1496,rg15yt
1497,rg15yu
1498,rg15yw
1499,rg15yx
1500,rg15yy
1501,rg15yz
1502,rg15zb
1503,rg15zd
1504,rg15zh
1505,rg15zj
1506,rg15zl
1507,rg15zn
1508,rg15zp
1509,rg15zq
1510,rg15zr
1511,rg15zs
1512,rg15zt
1513,rg15zw
1514,rg15zx
1515,rg16aa
1516,rg16ab
1517,rg16ad
1518,rg16ae
1519,rg16af
1520,rg16ag
1521,rg16ah
1522,rg16aj
1523,rg16al
1524,rg16an
1525,rg16ap
1526,rg16aq
1527,rg16ar
1528,rg16as
1529,rg16at
1530,rg16au
1531,rg16aw
1532,rg16ax
1533,rg16ay
1534,rg16az
1535,rg16ba
1536,rg16bb
1537,rg16bd
1538,rg16be
1539,rg16bf
1540,rg16bg
1541,rg16bh
1542,rg16bj
1543,rg16bl
1544,rg16bn
1545,rg16bp
1546,rg16bq
1547,rg16bs
1548,rg16bt
1549,rg16bu
1550,rg16bw
1551,rg16bx
1552,rg16by
1553,rg16bz
1554,rg16da
1555,rg16db
1556,rg16dd
1557,rg16de
1558,rg16dg
1559,rg16dh
1560,rg16dj
1561,rg16dl
1562,rg16dn
1563,rg16dp
1564,rg16dq
1565,rg16dr
1566,rg16ds
1567,rg16dt
1568,rg16du
1569,rg16dw
1570,rg16dx
1571,rg16dy
1572,rg16dz
1573,rg16ea
1574,rg16eb
1575,rg16ed
1576,rg16ee
1577,rg16ef
1578,rg16eg
1579,rg16eh
1580,rg16ej
1581,rg16el
1582,rg16en
1583,rg16ep
1584,rg16eq
1585,rg16er
1586,rg16es
1587,rg16et
1588,rg16eu
1589,rg16ew
1590,rg16ex
1591,rg16ey
1592,rg16ez
1593,rg16fa
1594,rg16fb
1595,rg16fd
1596,rg16fe
1597,rg16ff
1598,rg16fg
1599,rg16fh
1600,rg16fj
1601,rg16fl
1602,rg16fn
1603,rg16ha
1604,rg16hb
1605,rg16hd
1606,rg16he
1607,rg16hf
1608,rg16hg
1609,rg16hh
1610,rg16hj
1611,rg16hl
1612,rg16hn
1613,rg16hp
1614,rg16hq
1615,rg16hr
1616,rg16hs
1617,rg16ht
1618,rg16hu
1619,rg16hw
1620,rg16hx
1621,rg16hy
1622,rg16hz
1623,rg16ja
1624,rg16jb
1625,rg16jd
1626,rg16je
1627,rg16jf
1628,rg16jg
1629,rg16jh
1630,rg16jj
1631,rg16jl
1632,rg16jn
1633,rg16jp
1634,rg16jq
1635,rg16jr
1636,rg16js
1637,rg16jt
1638,rg16ju
1639,rg16jw
1640,rg16jx
1641,rg16jy
1642,rg16jz
1643,rg16la
1644,rg16lb
1645,rg16ld
1646,rg16le
1647,rg16lf
1648,rg16lg
1649,rg16lh
1650,rg16lj
1651,rg16ll
1652,rg16ln
1653,rg16lp
1654,rg16lq
1655,rg16lr
1656,rg16ls
1657,rg16lt
1658,rg16lu
1659,rg16lw
1660,rg16lx
1661,rg16ly
1662,rg16lz
1663,rg16na
1664,rg16nb
1665,rg16nd
1666,rg16ne
1667,rg16nf
1668,rg16ng
1669,rg16nh
1670,rg16nj
1671,rg16nl
1672,rg16nn
1673,rg16np
1674,rg16nq
1675,rg16nr
1676,rg16ns
1677,rg16nt
1678,rg16nu
1679,rg16nw
1680,rg16nx
1681,rg16ny
1682,rg16nz
1683,rg16pa
1684,rg16pb
1685,rg16pd
1686,rg16pe
1687,rg16pf
1688,rg16pg
1689,rg16ph
1690,rg16pj
1691,rg16pl
1692,rg16pn
1693,rg16pp
1694,rg16pq
1695,rg16pr
1696,rg16ps
1697,rg16pt
1698,rg16pu
1699,rg16px
1700,rg16qa
1701,rg16qb
1702,rg16qd
1703,rg16qe
1704,rg16qf
1705,rg16qg
1706,rg16qh
1707,rg16qj
1708,rg16ql
1709,rg16qn
1710,rg16qp
1711,rg16qq
1712,rg16qr
1713,rg16qs
1714,rg16qt
1715,rg16qu
1716,rg16qw
1717,rg16qx
1718,rg16qy
1719,rg16qz
1720,rg16rd
1721,rg16re
1722,rg16rf
1723,rg16sp
1724,rg16sr
1725,rg16ss
1726,rg16sw
1727,rg16tg
1728,rg16uy
1729,rg16uz
1730,rg16wa
1731,rg16wb
1732,rg16wd
1733,rg16we
1734,rg16wg
1735,rg16wh
1736,rg16wj
1737,rg16wy
1738,rg16wz
1739,rg16xj
1740,rg16xn
1741,rg16xq
1742,rg16xt
1743,rg16xu
1744,rg16xw
1745,rg16xx
1746,rg16xy
1747,rg16xz
1748,rg16ya
1749,rg16yb
1750,rg16yd
1751,rg16ye
1752,rg16yf
1753,rg16yg
1754,rg16yh
1755,rg16yj
1756,rg16yl
1757,rg16yn
1758,rg16yp
1759,rg16yq
1760,rg16yr
1761,rg16ys
1762,rg16yt
1763,rg16yu
1764,rg16yw
1765,rg16yx
1766,rg16yy
1767,rg16yz
1768,rg16zh
1769,rg16zj
1770,rg16zl
1771,rg16zn
1772,rg16zq
1773,rg16zr
1774,rg16zx
1775,rg17aa
1776,rg17ab
1777,rg17ad
1778,rg17ae
1779,rg17af
1780,rg17ag
1781,rg17ah
1782,rg17aj
1783,rg17al
1784,rg17an
1785,rg17ap
1786,rg17aq
1787,rg17ar
1788,rg17as
1789,rg17at
1790,rg17au
1791,rg17aw
1792,rg17ax
1793,rg17ay
1794,rg17az
1795,rg17ba
1796,rg17bb
1797,rg17bd
1798,rg17be
1799,rg17bf
1800,rg17bg
1801,rg17bh
1802,rg17bj
1803,rg17bl
1804,rg17bn
1805,rg17bp
1806,rg17bq
1807,rg17bs
1808,rg17bt
1809,rg17bu
1810,rg17bw
1811,rg17bx
1812,rg17by
1813,rg17bz
1814,rg17da
1815,rg17db
1816,rg17dd
1817,rg17de
1818,rg17df
1819,rg17dg
1820,rg17dh
1821,rg17dj
1822,rg17dl
1823,rg17dn
1824,rg17dp
1825,rg17dq
1826,rg17dr
1827,rg17ds
1828,rg17dt
1829,rg17du
1830,rg17dw
1831,rg17dx
1832,rg17dy
1833,rg17dz
1834,rg17ea
1835,rg17eb
1836,rg17ed
1837,rg17ee
1838,rg17ef
1839,rg17eg
1840,rg17eh
1841,rg17ej
1842,rg17el
1843,rg17en
1844,rg17ep
1845,rg17eq
1846,rg17er
1847,rg17es
1848,rg17et
1849,rg17eu
1850,rg17ew
1851,rg17ex
1852,rg17ey
1853,rg17ez
1854,rg17fa
1855,rg17fb
1856,rg17fd
1857,rg17fe
1858,rg17ff
1859,rg17fg
1860,rg17fh
1861,rg17fj
1862,rg17fl
1863,rg17fn
1864,rg17fp
1865,rg17fq
1866,rg17fr
1867,rg17fs
1868,rg17ft
1869,rg17fu
1870,rg17fw
1871,rg17fx
1872,rg17fy
1873,rg17fz
1874,rg17ga
1875,rg17gb
1876,rg17gd
1877,rg17ge
1878,rg17gg
1879,rg17gh
1880,rg17gj
1881,rg17gl
1882,rg17gn
1883,rg17gp
1884,rg17gq
1885,rg17gr
1886,rg17gs
1887,rg17gt
1888,rg17gu
1889,rg17gw
1890,rg17gx
1891,rg17gy
1892,rg17gz
1893,rg17ha
1894,rg17hb
1895,rg17hd
1896,rg17he
1897,rg17hf
1898,rg17hg
1899,rg17hh
1900,rg17hj
1901,rg17hl
1902,rg17hn
1903,rg17hp
1904,rg17hq
1905,rg17hr
1906,rg17hs
1907,rg17ht
1908,rg17hu
1909,rg17hw
1910,rg17hx
1911,rg17hy
1912,rg17hz
1913,rg17ja
1914,rg17jb
1915,rg17jd
1916,rg17je
1917,rg17jf
1918,rg17jg
1919,rg17jh
1920,rg17jj
1921,rg17jl
1922,rg17jn
1923,rg17jp
1924,rg17jq
1925,rg17jr
1926,rg17js
1927,rg17jt
1928,rg17ju
1929,rg17jw
1930,rg17jx
1931,rg17jy
1932,rg17jz
1933,rg17la
1934,rg17lb
1935,rg17ld
1936,rg17le
1937,rg17lf
1938,rg17lg
1939,rg17lh
1940,rg17lj
1941,rg17ll
1942,rg17ln
1943,rg17lp
1944,rg17lq
1945,rg17lr
1946,rg17ls
1947,rg17lt
1948,rg17lu
1949,rg17lw
1950,rg17lx
1951,rg17ly
1952,rg17lz
1953,rg17na
1954,rg17nb
1955,rg17nd
1956,rg17ne
1957,rg17nf
1958,rg17ng
1959,rg17nh
1960,rg17nj
1961,rg17nl
1962,rg17nn
1963,rg17np
1964,rg17nq
1965,rg17nr
1966,rg17ns
1967,rg17nt
1968,rg17nu
1969,rg17nx
1970,rg17ny
1971,rg17nz
1972,rg17pa
1973,rg17pb
1974,rg17pd
1975,rg17pe
1976,rg17pf
1977,rg17pg
1978,rg17ph
1979,rg17pj
1980,rg17pl
1981,rg17pn
1982,rg17pp
1983,rg17pq
1984,rg17ps
1985,rg17pt
1986,rg17pu
1987,rg17pw
1988,rg17px
1989,rg17py
1990,rg17qa
1991,rg17qb
1992,rg17qd
1993,rg17qe
1994,rg17qf
1995,rg17qg
1996,rg17qh
1997,rg17qj
1998,rg17ql
1999,rg17qn
2000,rg17qq
2001,rg17qr
2002,rg17qt
2003,rg17qu
2004,rg17qw
2005,rg17qx
2006,rg17qy
2007,rg17qz
2008,rg17ra
2009,rg17rb
2010,rg17rd
2011,rg17re
2012,rg17rf
2013,rg17rg
2014,rg17rh
2015,rg17rj
2016,rg17rl
2017,rg17rn
2018,rg17rp
2019,rg17rq
2020,rg17rr
2021,rg17rs
2022,rg17rt
2023,rg17ru
2024,rg17rw
2025,rg17rx
2026,rg17ry
2027,rg17rz
2028,rg17sa
2029,rg17sb
2030,rg17sd
2031,rg17se
2032,rg17sf
2033,rg17sg
2034,rg17sh
2035,rg17sj
2036,rg17sl
2037,rg17sn
2038,rg17sp
2039,rg17sq
2040,rg17sr
2041,rg17ss
2042,rg17st
2043,rg17su
2044,rg17sw
2045,rg17sx
2046,rg17sy
2047,rg17sz
2048,rg17ta
2049,rg17tb
2050,rg17td
2051,rg17te
2052,rg17tf
2053,rg17tg
2054,rg17th
2055,rg17tj
2056,rg17tl
2057,rg17tn
2058,rg17tp
2059,rg17tq
2060,rg17tr
2061,rg17ts
2062,rg17tt
2063,rg17tu
2064,rg17tw
2065,rg17tx
2066,rg17ty
2067,rg17tz
2068,rg17ua
2069,rg17ub
2070,rg17ud
2071,rg17ue
2072,rg17uf
2073,rg17ug
2074,rg17uh
2075,rg17uj
2076,rg17ul
2077,rg17un
2078,rg17up
2079,rg17uq
2080,rg17ur
2081,rg17us
2082,rg17ut
2083,rg17uu
2084,rg17uw
2085,rg17ux
2086,rg17uy
2087,rg17uz
2088,rg17wa
2089,rg17wb
2090,rg17wd
2091,rg17we
2092,rg17wf
2093,rg17wg
2094,rg17wh
2095,rg17wj
2096,rg17wl
2097,rg17wn
2098,rg17wp
2099,rg17wq
2100,rg17wr
2101,rg17ws
2102,rg17wt
2103,rg17wu
2104,rg17ww
2105,rg17wx
2106,rg17wy
2107,rg17wz
2108,rg17xa
2109,rg17xb
2110,rg17xd
2111,rg17xe
2112,rg17xf
2113,rg17xg
2114,rg17xh
2115,rg17xj
2116,rg17xl
2117,rg17xn
2118,rg17xp
2119,rg17xq
2120,rg17xr
2121,rg17xs
2122,rg17xt
2123,rg17xu
2124,rg17xw
2125,rg17xx
2126,rg17xy
2127,rg17xz
2128,rg17ya
2129,rg17yb
2130,rg17yd
2131,rg17ye
2132,rg17yf
2133,rg17yg
2134,rg17yh
2135,rg17yj
2136,rg17yl
2137,rg17yn
2138,rg17yp
2139,rg17yq
2140,rg17yr
2141,rg17ys
2142,rg17yt
2143,rg17yu
2144,rg17yw
2145,rg17yx
2146,rg17yy
2147,rg17yz
2148,rg17zl
2149,rg17zn
2150,rg17zq
2151,rg17zw
2152,rg18aa
2153,rg18ab
2154,rg18ad
2155,rg18ae
2156,rg18af
2157,rg18ag
2158,rg18ah
2159,rg18aj
2160,rg18al
2161,rg18an
2162,rg18ap
2163,rg18aq
2164,rg18ar
2165,rg18as
2166,rg18at
2167,rg18au
2168,rg18aw
2169,rg18ax
2170,rg18ay
2171,rg18az
2172,rg18ba
2173,rg18bb
2174,rg18bd
2175,rg18be
2176,rg18bf
2177,rg18bg
2178,rg18bh
2179,rg18bj
2180,rg18bl
2181,rg18bn
2182,rg18bp
2183,rg18bq
2184,rg18bs
2185,rg18bt
2186,rg18bu
2187,rg18bw
2188,rg18bx
2189,rg18by
2190,rg18bz
2191,rg18da
2192,rg18db
2193,rg18dd
2194,rg18de
2195,rg18df
2196,rg18dg
2197,rg18dh
2198,rg18dj
2199,rg18dl
2200,rg18dn
2201,rg18dp
2202,rg18dq
2203,rg18dr
2204,rg18ds
2205,rg18dt
2206,rg18du
2207,rg18dw
2208,rg18dx
2209,rg18dy
2210,rg18dz
2211,rg18ea
2212,rg18eb
2213,rg18ed
2214,rg18ee
2215,rg18ef
2216,rg18eg
2217,rg18eh
2218,rg18ej
2219,rg18el
2220,rg18en
2221,rg18ep
2222,rg18eq
2223,rg18er
2224,rg18es
2225,rg18et
2226,rg18eu
2227,rg18ew
2228,rg18ex
2229,rg18ey
2230,rg18ez
2231,rg18fa
2232,rg18fb
2233,rg18fd
2234,rg18fe
2235,rg18ff
2236,rg18fg
2237,rg18fj
2238,rg18fn
2239,rg18fp
2240,rg18fq
2241,rg18fr
2242,rg18ha
2243,rg18hb
2244,rg18hd
2245,rg18he
2246,rg18hf
2247,rg18hg
2248,rg18hh
2249,rg18hj
2250,rg18hl
2251,rg18hn
2252,rg18hp
2253,rg18hq
2254,rg18hr
2255,rg18hs
2256,rg18ht
2257,rg18hu
2258,rg18hw
2259,rg18hx
2260,rg18hy
2261,rg18hz
2262,rg18ja
2263,rg18jb
2264,rg18jd
2265,rg18je
2266,rg18jf
2267,rg18jg
2268,rg18jh
2269,rg18jj
2270,rg18jl
2271,rg18jn
2272,rg18jp
2273,rg18jq
2274,rg18jr
2275,rg18js
2276,rg18jt
2277,rg18ju
2278,rg18jw
2279,rg18jx
2280,rg18jz
2281,rg18la
2282,rg18lb
2283,rg18ld
2284,rg18le
2285,rg18lf
2286,rg18lg
2287,rg18lh
2288,rg18lj
2289,rg18ll
2290,rg18lp
2291,rg18lr
2292,rg18ls
2293,rg18lt
2294,rg18lw
2295,rg18lx
2296,rg18lz
2297,rg18na
2298,rg18nb
2299,rg18nd
2300,rg18ne
2301,rg18nf
2302,rg18ng
2303,rg18nh
2304,rg18nj
2305,rg18nn
2306,rg18np
2307,rg18nq
2308,rg18ns
2309,rg18nt
2310,rg18nu
2311,rg18nx
2312,rg18ny
2313,rg18nz
2314,rg18pa
2315,rg18pb
2316,rg18pd
2317,rg18pe
2318,rg18pf
2319,rg18pg
2320,rg18ph
2321,rg18pj
2322,rg18pl
2323,rg18pn
2324,rg18pp
2325,rg18pq
2326,rg18pr
2327,rg18ps
2328,rg18pt
2329,rg18pu
2330,rg18pw
2331,rg18px
2332,rg18py
2333,rg18pz
2334,rg18qa
2335,rg18qb
2336,rg18qe
2337,rg18qg
2338,rg18ql
2339,rg18qn
2340,rg18qp
2341,rg18qq
2342,rg18qs
2343,rg18qt
2344,rg18qw
2345,rg18sb
2346,rg18sd
2347,rg18se
2348,rg18te
2349,rg18wa
2350,rg18wb
2351,rg18wd
2352,rg18wj
2353,rg18wx
2354,rg18wy
2355,rg18wz
2356,rg18xb
2357,rg18xd
2358,rg18xe
2359,rg18xf
2360,rg18xg
2361,rg18xh
2362,rg18xj
2363,rg18xl
2364,rg18xn
2365,rg18xp
2366,rg18xq
2367,rg18xr
2368,rg18xs
2369,rg18xt
2370,rg18xu
2371,rg18xw
2372,rg18xx
2373,rg18xy
2374,rg18xz
2375,rg18ya
2376,rg18yb
2377,rg18yd
2378,rg18ye
2379,rg18yf
2380,rg18yg
2381,rg18yh
2382,rg18yj
2383,rg18yl
2384,rg18yn
2385,rg18yp
2386,rg18yq
2387,rg18yr
2388,rg18ys
2389,rg18yt
2390,rg18yu
2391,rg18yw
2392,rg18yx
2393,rg18yy
2394,rg18yz
2395,rg18zb
2396,rg18zh
2397,rg18zj
2398,rg18zn
2399,rg18zp
2400,rg18zq
2401,rg18zr
2402,rg18zs
2403,rg19aa
2404,rg19ab
2405,rg19ad
2406,rg19ae
2407,rg19af
2408,rg19ag
2409,rg19ah
2410,rg19aj
2411,rg19al
2412,rg19an
2413,rg19ap
2414,rg19aq
2415,rg19ar
2416,rg19as
2417,rg19at
2418,rg19au
2419,rg19aw
2420,rg19ax
2421,rg19ay
2422,rg19az
2423,rg19ba
2424,rg19bb
2425,rg19bd
2426,rg19be
2427,rg19bf
2428,rg19bg
2429,rg19bh
2430,rg19bj
2431,rg19bl
2432,rg19bn
2433,rg19bp
2434,rg19bq
2435,rg19br
2436,rg19bs
2437,rg19bt
2438,rg19bu
2439,rg19bw
2440,rg19bx
2441,rg19by
2442,rg19bz
2443,rg19da
2444,rg19db
2445,rg19dd
2446,rg19de
2447,rg19df
2448,rg19dg
2449,rg19dh
2450,rg19dj
2451,rg19dl
2452,rg19dn
2453,rg19dp
2454,rg19dq
2455,rg19dr
2456,rg19ds
2457,rg19dt
2458,rg19du
2459,rg19dw
2460,rg19dx
2461,rg19dy
2462,rg19dz
2463,rg19ea
2464,rg19eb
2465,rg19ed
2466,rg19ee
2467,rg19ef
2468,rg19eg
2469,rg19eh
2470,rg19ej
2471,rg19el
2472,rg19en
2473,rg19ep
2474,rg19eq
2475,rg19er
2476,rg19es
2477,rg19et
2478,rg19eu
2479,rg19ew
2480,rg19ex
2481,rg19ey
2482,rg19ez
2483,rg19fa
2484,rg19fb
2485,rg19fd
2486,rg19fe
2487,rg19ff
2488,rg19fg
2489,rg19fh
2490,rg19fj
2491,rg19fl
2492,rg19fn
2493,rg19fp
2494,rg19fq
2495,rg19fr
2496,rg19fs
2497,rg19ft
2498,rg19fu
2499,rg19fw
2500,rg19fx
2501,rg19fy
2502,rg19fz
2503,rg19ga
2504,rg19gb
2505,rg19gd
2506,rg19ge
2507,rg19gf
2508,rg19gg
2509,rg19gh
2510,rg19gj
2511,rg19gl
2512,rg19gn
2513,rg19gp
2514,rg19gq
2515,rg19gr
2516,rg19gs
2517,rg19gt
2518,rg19gu
2519,rg19gw
2520,rg19gx
2521,rg19gy
2522,rg19gz
2523,rg19ha
2524,rg19hb
2525,rg19hd
2526,rg19he
2527,rg19hf
2528,rg19hg
2529,rg19hh
2530,rg19hj
2531,rg19hl
2532,rg19hn
2533,rg19hp
2534,rg19hq
2535,rg19hr
2536,rg19hs
2537,rg19ht
2538,rg19hu
2539,rg19hw
2540,rg19hx
2541,rg19hy
2542,rg19hz
2543,rg19ja
2544,rg19jb
2545,rg19jd
2546,rg19je
2547,rg19jf
2548,rg19jg
2549,rg19jh
2550,rg19jj
2551,rg19jl
2552,rg19jn
2553,rg19jp
2554,rg19jq
2555,rg19jr
2556,rg19js
2557,rg19jt
2558,rg19ju
2559,rg19jw
2560,rg19jx
2561,rg19jy
2562,rg19jz
2563,rg19la
2564,rg19lb
2565,rg19ld
2566,rg19le
2567,rg19lf
2568,rg19lg
2569,rg19lh
2570,rg19lj
2571,rg19ll
2572,rg19ln
2573,rg19lp
2574,rg19lq
2575,rg19lr
2576,rg19ls
2577,rg19lt
2578,rg19lu
2579,rg19lw
2580,rg19lx
2581,rg19lz
2582,rg19na
2583,rg19nb
2584,rg19nd
2585,rg19ne
2586,rg19nf
2587,rg19ng
2588,rg19nh
2589,rg19nj
2590,rg19nl
2591,rg19nn
2592,rg19np
2593,rg19nq
2594,rg19nr
2595,rg19ns
2596,rg19nt
2597,rg19nu
2598,rg19nw
2599,rg19nx
2600,rg19ny
2601,rg19nz
2602,rg19pa
2603,rg19pb
2604,rg19pd
2605,rg19pe
2606,rg19pf
2607,rg19pg
2608,rg19ph
2609,rg19pj
2610,rg19pl
2611,rg19pn
2612,rg19pp
2613,rg19pq
2614,rg19pr
2615,rg19ps
2616,rg19pt
2617,rg19pu
2618,rg19pw
2619,rg19px
2620,rg19py
2621,rg19pz
2622,rg19qa
2623,rg19qb
2624,rg19qd
2625,rg19qe
2626,rg19qf
2627,rg19qg
2628,rg19qh
2629,rg19qj
2630,rg19ql
2631,rg19qn
2632,rg19qp
2633,rg19qq
2634,rg19qr
2635,rg19qs
2636,rg19qt
2637,rg19qu
2638,rg19qw
2639,rg19qx
2640,rg19qy
2641,rg19qz
2642,rg19ra
2643,rg19rb
2644,rg19rd
2645,rg19re
2646,rg19rf
2647,rg19rg
2648,rg19rh
2649,rg19rj
2650,rg19rl
2651,rg19rn
2652,rg19rp
2653,rg19rq
2654,rg19rr
2655,rg19rs
2656,rg19rt
2657,rg19ru
2658,rg19rw
2659,rg19rx
2660,rg19ry
2661,rg19rz
2662,rg19sa
2663,rg19sb
2664,rg19sd
2665,rg19se
2666,rg19sf
2667,rg19sg
2668,rg19sh
2669,rg19sj
2670,rg19sl
2671,rg19sn
2672,rg19sp
2673,rg19sq
2674,rg19sr
2675,rg19ss
2676,rg19st
2677,rg19su
2678,rg19sw
2679,rg19sx
2680,rg19sy
2681,rg19sz
2682,rg19ta
2683,rg19tb
2684,rg19td
2685,rg19te
2686,rg19tf
2687,rg19tg
2688,rg19th
2689,rg19tj
2690,rg19tl
2691,rg19tn
2692,rg19tp
2693,rg19tq
2694,rg19tr
2695,rg19ts
2696,rg19tt
2697,rg19tu
2698,rg19tw
2699,rg19tx
2700,rg19ty
2701,rg19tz
2702,rg19ua
2703,rg19ub
2704,rg19ud
2705,rg19ue
2706,rg19uf
2707,rg19ug
2708,rg19uh
2709,rg19uj
2710,rg19ul
2711,rg19un
2712,rg19up
2713,rg19uq
2714,rg19ur
2715,rg19us
2716,rg19ut
2717,rg19uu
2718,rg19uw
2719,rg19ux
2720,rg19uy
2721,rg19uz
2722,rg19wa
2723,rg19wb
2724,rg19wd
2725,rg19we
2726,rg19wf
2727,rg19wg
2728,rg19wh
2729,rg19wj
2730,rg19wl
2731,rg19wn
2732,rg19wp
2733,rg19wq
2734,rg19wr
2735,rg19ws
2736,rg19wt
2737,rg19wu
2738,rg19ww
2739,rg19wx
2740,rg19wy
2741,rg19wz
2742,rg19xa
2743,rg19xb
2744,rg19xd
2745,rg19xe
2746,rg19xf
2747,rg19xg
2748,rg19xh
2749,rg19xj
2750,rg19xn
2751,rg19xp
2752,rg19xq
2753,rg19xr
2754,rg19xs
2755,rg19xt
2756,rg19xu
2757,rg19xw
2758,rg19xx
2759,rg19xy
2760,rg19xz
2761,rg19ya
2762,rg19yb
2763,rg19yd
2764,rg19ye
2765,rg19yf
2766,rg19yg
2767,rg19yh
2768,rg19yj
2769,rg19yl
2770,rg19yn
2771,rg19yp
2772,rg19yq
2773,rg19yr
2774,rg19ys
2775,rg19yt
2776,rg19yu
2777,rg19yw
2778,rg19yx
2779,rg19yy
2780,rg19yz
2781,rg19za
2782,rg19zb
2783,rg19zd
2784,rg19ze
2785,rg19zf
2786,rg19zg
2787,rg19zh
2788,rg19zj
2789,rg19zl
2790,rg19zn
2791,rg19zp
2792,rg19zq
2793,rg19zr
2794,rg19zs
2795,rg19zt
2796,rg19zu
2797,rg19zw
2798,rg19zx
2799,rg19zy
2800,rg19zz
16508,rg20aa
16509,rg20ab
16510,rg20ad
16511,rg20ae
16512,rg20af
16513,rg20ag
16514,rg20ah
16515,rg20aj
16516,rg20al
16517,rg20an
16518,rg20ap
16519,rg20aq
16520,rg20ar
16521,rg20as
16522,rg20at
16523,rg20au
16524,rg20aw
16525,rg20ax
16526,rg20ay
16527,rg20az
16528,rg20ba
16529,rg20bb
16530,rg20bd
16531,rg20be
16532,rg20bf
16533,rg20bg
16534,rg20bh
16535,rg20bj
16536,rg20bl
16537,rg20bn
16538,rg20bp
16539,rg20bq
16540,rg20bs
16541,rg20bt
16542,rg20bu
16543,rg20bw
16544,rg20bx
16545,rg20by
16546,rg20bz
16547,rg20da
16548,rg20db
16549,rg20dd
16550,rg20de
16551,rg20df
16552,rg20dg
16553,rg20dh
16554,rg20dj
16555,rg20dl
16556,rg20dn
16557,rg20dp
16558,rg20dq
16559,rg20dr
16560,rg20ds
16561,rg20dt
16562,rg20du
16563,rg20dw
16564,rg20dx
16565,rg20dy
16566,rg20dz
16567,rg20ea
16568,rg20eb
16569,rg20ed
16570,rg20ee
16571,rg20ef
16572,rg20eg
16573,rg20eh
16574,rg20ej
16575,rg20el
16576,rg20en
16577,rg20ep
16578,rg20eq
16579,rg20er
16580,rg20es
16581,rg20et
16582,rg20eu
16583,rg20ew
16584,rg20ex
16585,rg20ey
16586,rg20ez
16587,rg20fa
16588,rg20fb
16589,rg20fd
16590,rg20fe
16591,rg20ff
16592,rg20fg
16593,rg20fh
16594,rg20fj
16595,rg20fl
16596,rg20fn
16597,rg20fp
16598,rg20fq
16599,rg20fr
16600,rg20fs
16601,rg20ft
16602,rg20fu
16603,rg20fw
16604,rg20fx
16605,rg20fy
16606,rg20fz
16607,rg20ga
16608,rg20gb
16609,rg20gd
16610,rg20ge
16611,rg20gf
16612,rg20gg
16613,rg20gh
16614,rg20gj
16615,rg20gn
16616,rg20gp
16617,rg20gq
16618,rg20gr
16619,rg20gs
16620,rg20gt
16621,rg20gu
16622,rg20gw
16623,rg20gx
16624,rg20gy
16625,rg20gz
16626,rg20ha
16627,rg20hb
16628,rg20hd
16629,rg20he
16630,rg20hf
16631,rg20hg
16632,rg20hh
16633,rg20hj
16634,rg20hl
16635,rg20hn
16636,rg20hp
16637,rg20hq
16638,rg20hr
16639,rg20hs
16640,rg20ht
16641,rg20hu
16642,rg20hw
16643,rg20hx
16644,rg20hy
16645,rg20hz
16646,rg20ja
16647,rg20jb
16648,rg20jd
16649,rg20je
16650,rg20jf
16651,rg20jg
16652,rg20jh
16653,rg20jj
16654,rg20jl
16655,rg20jn
16656,rg20jp
16657,rg20jq
16658,rg20jr
16659,rg20js
16660,rg20jt
16661,rg20ju
16662,rg20jw
16663,rg20jx
16664,rg20jy
16665,rg20jz
16666,rg20la
16667,rg20lb
16668,rg20ld
16669,rg20le
16670,rg20lf
16671,rg20lg
16672,rg20lh
16673,rg20lj
16674,rg20ll
16675,rg20ln
16676,rg20lp
16677,rg20lq
16678,rg20lr
16679,rg20ls
16680,rg20lt
16681,rg20lu
16682,rg20lw
16683,rg20lx
16684,rg20ly
16685,rg20lz
16686,rg20na
16687,rg20nb
16688,rg20nd
16689,rg20ne
16690,rg20nf
16691,rg20ng
16692,rg20nh
16693,rg20nj
16694,rg20nl
16695,rg20nn
16696,rg20np
16697,rg20nq
16698,rg20nr
16699,rg20ns
16700,rg20nt
16701,rg20nu
16702,rg20nw
16703,rg20nx
16704,rg20ny
16705,rg20nz
16706,rg20pa
16707,rg20pb
16708,rg20pd
16709,rg20pe
16710,rg20pf
16711,rg20ph
16712,rg20pj
16713,rg20pl
16714,rg20pn
16715,rg20pp
16716,rg20pq
16717,rg20pr
16718,rg20ps
16719,rg20pt
16720,rg20pu
16721,rg20pw
16722,rg20px
16723,rg20py
16724,rg20pz
16725,rg20qa
16726,rg20qb
16727,rg20qd
16728,rg20qe
16729,rg20qf
16730,rg20qg
16731,rg20qh
16732,rg20qj
16733,rg20ql
16734,rg20qn
16735,rg20qp
16736,rg20qq
16737,rg20qr
16738,rg20qs
16739,rg20qt
16740,rg20qu
16741,rg20qw
16742,rg20qx
16743,rg20qy
16744,rg20qz
16745,rg20ra
16746,rg20rb
16747,rg20rd
16748,rg20re
16749,rg20rf
16750,rg20rg
16751,rg20rh
16752,rg20rj
16753,rg20rl
16754,rg20rn
16755,rg20rp
16756,rg20rq
16757,rg20rr
16758,rg20rs
16759,rg20rt
16760,rg20ru
16761,rg20rw
16762,rg20rx
16763,rg20ry
16764,rg20rz
16765,rg20sa
16766,rg20sb
16767,rg20sd
16768,rg20se
16769,rg20sf
16770,rg20sg
16771,rg20sh
16772,rg20sj
16773,rg20sl
16774,rg20sn
16775,rg20sp
16776,rg20sq
16777,rg20sr
16778,rg20ss
16779,rg20st
16780,rg20su
16781,rg20sw
16782,rg20sx
16783,rg20sy
16784,rg20sz
16785,rg20ta
16786,rg20tb
16787,rg20td
16788,rg20te
16789,rg20tf
16790,rg20tg
16791,rg20th
16792,rg20tj
16793,rg20tl
16794,rg20tn
16795,rg20tp
16796,rg20tq
16797,rg20tr
16798,rg20ts
16799,rg20tt
16800,rg20tu
16801,rg20tw
16802,rg20tx
16803,rg20ty
16804,rg20tz
16805,rg20ua
16806,rg20ub
16807,rg20ud
16808,rg20uf
16809,rg20ug
16810,rg20uh
16811,rg20uj
16812,rg20ul
16813,rg20un
16814,rg20up
16815,rg20ur
16816,rg20us
16817,rg20ut
16818,rg20uu
16819,rg20uw
16820,rg20ux
16821,rg20uy
16822,rg20uz
16823,rg20wb
16824,rg20wd
16825,rg20we
16826,rg20wf
16827,rg20wg
16828,rg20wh
16829,rg20wj
16830,rg20wq
16831,rg20wr
16832,rg20ws
16833,rg20wt
16834,rg20wu
16835,rg20ww
16836,rg20wx
16837,rg20wy
16838,rg20wz
16839,rg20xa
16840,rg20xb
16841,rg20xd
16842,rg20xe
16843,rg20xf
16844,rg20xg
16845,rg20xh
16846,rg20xj
16847,rg20xl
16848,rg20xp
16849,rg20xq
16850,rg20xr
16851,rg20xs
16852,rg20xt
16853,rg20xu
16854,rg20xw
16855,rg20xx
16856,rg20xy
16857,rg20xz
16858,rg20ya
16859,rg20yb
16860,rg20yd
16861,rg20ye
16862,rg20yf
16863,rg20yg
16864,rg20yh
16865,rg20yj
16866,rg20yl
16867,rg20yn
16868,rg20yp
16869,rg20yq
16870,rg20yr
16871,rg20ys
16872,rg20yt
16873,rg20yu
16874,rg20yw
16875,rg20yx
16876,rg20yy
16877,rg20yz
16878,rg20zj
16879,rg20zl
16880,rg20zp
16881,rg26aa
16882,rg26ab
16883,rg26ad
16884,rg26ae
16885,rg26af
16886,rg26ag
16887,rg26ah
16888,rg26aj
16889,rg26al
16890,rg26an
16891,rg26ap
16892,rg26aq
16893,rg26ar
16894,rg26as
16895,rg26at
16896,rg26au
16897,rg26aw
16898,rg26ax
16899,rg26da
16900,rg26db
16901,rg26dd
16902,rg26dg
16903,rg26dh
16904,rg26dt
16905,rg26fw
16906,rg26gb
16907,rg26ge
16908,rg26gf
16909,rg26gj
16910,rg26gp
16911,rg26ua
16912,rg26ub
16913,rg26ud
16914,rg26ue
16915,rg26uf
16916,rg26ug
16917,rg26uh
16918,rg26uj
16919,rg26ul
16920,rg26un
16921,rg26up
16922,rg26uq
16923,rg26uu
16924,rg26uw
16925,rg26wa
16926,rg26wg
16927,rg26xa
16928,rg26xb
16929,rg26xd
16930,rg27aa
16931,rg27ab
16932,rg27ad
16933,rg27ae
16934,rg27af
16935,rg27ag
16936,rg27ah
16937,rg27aj
16938,rg27al
16939,rg27an
16940,rg27ap
16941,rg27aq
16942,rg27ar
16943,rg27as
16944,rg27at
16945,rg27au
16946,rg27aw
16947,rg27ax
16948,rg27ay
16949,rg27az
16950,rg27ba
16951,rg27bb
16952,rg27bd
16953,rg27be
16954,rg27bg
16955,rg27bh
16956,rg27bj
16957,rg27bl
16958,rg27bn
16959,rg27bp
16960,rg27bq
16961,rg27bs
16962,rg27bw
16963,rg27da
16964,rg27db
16965,rg27dd
16966,rg27de
16967,rg27df
16968,rg27dg
16969,rg27dh
16970,rg27dj
16971,rg27dl
16972,rg27dn
16973,rg27dp
16974,rg27dq
16975,rg27dr
16976,rg27ds
16977,rg27dt
16978,rg27du
16979,rg27dw
16980,rg27dx
16981,rg27dy
16982,rg27dz
16983,rg27ea
16984,rg27eb
16985,rg27ed
16986,rg27ee
16987,rg27ef
16988,rg27eg
16989,rg27eh
16990,rg27ej
16991,rg27el
16992,rg27en
16993,rg27ep
16994,rg27eq
16995,rg27er
16996,rg27es
16997,rg27et
16998,rg27eu
16999,rg27ew
17000,rg27ex
17001,rg27ey
17002,rg27ez
17003,rg27ha
17004,rg27hb
17005,rg27hd
17006,rg27he
17007,rg27hf
17008,rg27hg
17009,rg27hh
17010,rg27hj
17011,rg27hl
17012,rg27hn
17013,rg27hp
17014,rg27hq
17015,rg27hr
17016,rg27hs
17017,rg27ht
17018,rg27hu
17019,rg27hw
17020,rg27hx
17021,rg27hy
17022,rg27hz
17023,rg27ja
17024,rg27jb
17025,rg27jd
17026,rg27je
17027,rg27jf
17028,rg27jg
17029,rg27jh
17030,rg27jj
17031,rg27jl
17032,rg27jn
17033,rg27jp
17034,rg27jq
17035,rg27jr
17036,rg27js
17037,rg27jt
17038,rg27ju
17039,rg27jw
17040,rg27jx
17041,rg27jy
17042,rg27jz
17043,rg27la
17044,rg27lb
17045,rg27ld
17046,rg27le
17047,rg27lg
17048,rg27lh
17049,rg27lj
17050,rg27ll
17051,rg27ln
17052,rg27lp
17053,rg27lr
17054,rg27lu
17055,rg27lw
17056,rg27lx
17057,rg27ly
17058,rg27lz
17059,rg27na
17060,rg27nb
17061,rg27nd
17062,rg27ne
17063,rg27nf
17064,rg27ng
17065,rg27nh
17066,rg27nj
17067,rg27nl
17068,rg27nn
17069,rg27np
17070,rg27nq
17071,rg27nr
17072,rg27ns
17073,rg27nt
17074,rg27nu
17075,rg27nw
17076,rg27nx
17077,rg27ny
17078,rg27nz
17079,rg27pa
17080,rg27pb
17081,rg27pd
17082,rg27pe
17083,rg27pf
17084,rg27pg
17085,rg27ph
17086,rg27pj
17087,rg27pl
17088,rg27pn
17089,rg27pp
17090,rg27pq
17091,rg27pr
17092,rg27ps
17093,rg27pt
17094,rg27pu
17095,rg27pw
17096,rg27px
17097,rg27py
17098,rg27pz
17099,rg27qa
17100,rg27qb
17101,rg27qd
17102,rg27qe
17103,rg27qf
17104,rg27qg
17105,rg27qh
17106,rg27qj
17107,rg27ql
17108,rg27qn
17109,rg27qp
17110,rg27qq
17111,rg27qr
17112,rg27qs
17113,rg27qt
17114,rg27qu
17115,rg27qw
17116,rg27ra
17117,rg27rb
17118,rg27rd
17119,rg27re
17120,rg27rf
17121,rg27rg
17122,rg27rh
17123,rg27rj
17124,rg27rn
17125,rg27rp
17126,rg27rq
17127,rg27rr
17128,rg27rs
17129,rg27rt
17130,rg27ru
17131,rg27rx
17132,rg27ry
17133,rg27rz
17134,rg27sa
17135,rg27sb
17136,rg27sd
17137,rg27se
17138,rg27sf
17139,rg27sg
17140,rg27sh
17141,rg27sj
17142,rg27sl
17143,rg27sn
17144,rg27sp
17145,rg27sr
17146,rg27ss
17147,rg27st
17148,rg27su
17149,rg27sw
17150,rg27sx
17151,rg27sy
17152,rg27sz
17153,rg27ta
17154,rg27tb
17155,rg27td
17156,rg27te
17157,rg27tg
17158,rg27th
17159,rg27tn
17160,rg27tp
17161,rg27tr
17162,rg27ts
17163,rg27tt
17164,rg27tu
17165,rg27tw
17166,rg27tx
17167,rg27ty
17168,rg27tz
17169,rg27ua
17170,rg27ub
17171,rg27ud
17172,rg27ue
17173,rg27uf
17174,rg27ug
17175,rg27uh
17176,rg27uq
17177,rg27wa
17178,rg27wb
17179,rg27wu
17180,rg27ww
17181,rg27wx
17182,rg27wy
17183,rg27wz
17184,rg27xj
17185,rg27xn
17186,rg27xq
17187,rg27xs
17188,rg27xy
17189,rg27xz
17190,rg27ya
17191,rg27yb
17192,rg27yd
17193,rg27ye
17194,rg27yf
17195,rg27yg
17196,rg27yh
17197,rg27yj
17198,rg27yl
17199,rg27yn
17200,rg27yp
17201,rg27yq
17202,rg27yr
17203,rg27ys
17204,rg27yt
17205,rg27yu
17206,rg27yw
17207,rg27yx
17208,rg27yy
17209,rg27zn
17210,rg27zq
17211,rg27zx
17212,rg28aa
17213,rg28ab
17214,rg28ad
17215,rg28ae
17216,rg28af
17217,rg28ag
17218,rg28ah
17219,rg28aj
17220,rg28al
17221,rg28an
17222,rg28ap
17223,rg28aq
17224,rg28ar
17225,rg28as
17226,rg28at
17227,rg28au
17228,rg28aw
17229,rg28ax
17230,rg28ay
17231,rg28az
17232,rg28ba
17233,rg28bb
17234,rg28bd
17235,rg28be
17236,rg28bf
17237,rg28bg
17238,rg28bh
17239,rg28bj
17240,rg28bl
17241,rg28bn
17242,rg28bp
17243,rg28bq
17244,rg28bs
17245,rg28bt
17246,rg28bw
17247,rg28da
17248,rg28db
17249,rg28dd
17250,rg28de
17251,rg28df
17252,rg28dg
17253,rg28dh
17254,rg28dj
17255,rg28dl
17256,rg28dn
17257,rg28dp
17258,rg28dr
17259,rg28ds
17260,rg28dw
17261,rg28dy
17262,rg28dz
17263,rg28ea
17264,rg28eb
17265,rg28ed
17266,rg28ee
17267,rg28ef
17268,rg28eg
17269,rg28eh
17270,rg28ej
17271,rg28el
17272,rg28en
17273,rg28ep
17274,rg28eq
17275,rg28es
17276,rg28et
17277,rg28eu
17278,rg28ew
17279,rg28ex
17280,rg28ey
17281,rg28ez
17282,rg28fs
17283,rg28ft
17284,rg28gg
17285,rg28ha
17286,rg28hb
17287,rg28hd
17288,rg28he
17289,rg28hf
17290,rg28hg
17291,rg28hh
17292,rg28hj
17293,rg28hl
17294,rg28hn
17295,rg28hp
17296,rg28hq
17297,rg28hr
17298,rg28hs
17299,rg28ht
17300,rg28hu
17301,rg28hw
17302,rg28hx
17303,rg28hy
17304,rg28hz
17305,rg28ja
17306,rg28jb
17307,rg28jd
17308,rg28je
17309,rg28jf
17310,rg28jg
17311,rg28jh
17312,rg28jj
17313,rg28jl
17314,rg28jn
17315,rg28jp
17316,rg28jq
17317,rg28jr
17318,rg28js
17319,rg28jt
17320,rg28ju
17321,rg28jw
17322,rg28jx
17323,rg28jy
17324,rg28jz
17325,rg28la
17326,rg28lb
17327,rg28ld
17328,rg28le
17329,rg28lf
17330,rg28lh
17331,rg28lj
17332,rg28ll
17333,rg28ln
17334,rg28lp
17335,rg28lq
17336,rg28lr
17337,rg28ls
17338,rg28lt
17339,rg28lu
17340,rg28lw
17341,rg28lx
17342,rg28ly
17343,rg28lz
17344,rg28na
17345,rg28nb
17346,rg28nd
17347,rg28ne
17348,rg28ng
17349,rg28nh
17350,rg28nj
17351,rg28nl
17352,rg28nn
17353,rg28np
17354,rg28nr
17355,rg28ns
17356,rg28nt
17357,rg28nu
17358,rg28nw
17359,rg28nx
17360,rg28ny
17361,rg28nz
17362,rg28pa
17363,rg28pb
17364,rg28pd
17365,rg28pe
17366,rg28pf
17367,rg28pg
17368,rg28ph
17369,rg28pj
17370,rg28pl
17371,rg28pn
17372,rg28pp
17373,rg28pq
17374,rg28pr
17375,rg28ps
17376,rg28pt
17377,rg28pu
17378,rg28pw
17379,rg28px
17380,rg28py
17381,rg28pz
17382,rg28qa
17383,rg28qb
17384,rg28qd
17385,rg28qe
17386,rg28qg
17387,rg28qh
17388,rg28qj
17389,rg28ql
17390,rg28qn
17391,rg28qp
17392,rg28qr
17393,rg28qs
17394,rg28qt
17395,rg28ra
17396,rg28rb
17397,rg28rd
17398,rg28re
17399,rg28rf
17400,rg28rg
17401,rg28rh
17402,rg28rj
17403,rg28rl
17404,rg28rn
17405,rg28rp
17406,rg28rq
17407,rg28rr
17408,rg28rs
17409,rg28rt
17410,rg28ru
17411,rg28rw
17412,rg28rx
17413,rg28ry
17414,rg28sa
17415,rg28sb
17416,rg28sd
17417,rg28se
17418,rg28sf
17419,rg28sg
17420,rg28sh
17421,rg28sj
17422,rg28sl
17423,rg28sn
17424,rg28sp
17425,rg28sq
17426,rg28sr
17427,rg28ss
17428,rg28sw
17429,rg28sx
17430,rg28sy
17431,rg28ta
17432,rg28tb
17433,rg28td
17434,rg28te
17435,rg28tf
17436,rg28tg
17437,rg28th
17438,rg28tj
17439,rg28tl
17440,rg28tn
17441,rg28tp
17442,rg28tq
17443,rg28tr
17444,rg28ts
17445,rg28tt
17446,rg28tu
17447,rg28tw
17448,rg28tx
17449,rg28ty
17450,rg28tz
17451,rg28ua
17452,rg28ub
17453,rg28ud
17454,rg28ue
17455,rg28uf
17456,rg28ug
17457,rg28uh
17458,rg28uj
17459,rg28ul
17460,rg28up
17461,rg28uq
17462,rg28us
17463,rg28ut
17464,rg28uw
17465,rg28wa
17466,rg28wb
17467,rg28wy
17468,rg28wz
17469,rg28xj
17470,rg28xn
17471,rg28xt
17472,rg28xu
17473,rg28xx
17474,rg28xy
17475,rg28xz
17476,rg28ya
17477,rg28yb
17478,rg28yd
17479,rg28ye
17480,rg28yf
17481,rg28yg
17482,rg28yh
17483,rg28yj
17484,rg28yl
17485,rg28yn
17486,rg28yp
17487,rg28yq
17488,rg28yr
17489,rg28ys
17490,rg28yt
17491,rg28yu
17492,rg28yw
17493,rg28yx
17494,rg28yy
17495,rg28yz
17496,rg28zq
17497,rg28zx
17498,rg29aa
17499,rg29ab
17500,rg29ad
17501,rg29ae
17502,rg29af
17503,rg29ag
17504,rg29ah
17505,rg29aj
17506,rg29al
17507,rg29an
17508,rg29ap
17509,rg29aq
17510,rg29ar
17511,rg29as
17512,rg29at
17513,rg29au
17514,rg29aw
17515,rg29ax
17516,rg29ay
17517,rg29az
17518,rg29ba
17519,rg29bb
17520,rg29bd
17521,rg29be
17522,rg29bf
17523,rg29bg
17524,rg29bh
17525,rg29bj
17526,rg29bl
17527,rg29bn
17528,rg29bp
17529,rg29bq
17530,rg29bs
17531,rg29bt
17532,rg29bu
17533,rg29bw
17534,rg29bx
17535,rg29by
17536,rg29bz
17537,rg29da
17538,rg29db
17539,rg29dd
17540,rg29de
17541,rg29df
17542,rg29dg
17543,rg29dh
17544,rg29dj
17545,rg29dl
17546,rg29dn
17547,rg29dp
17548,rg29dq
17549,rg29dr
17550,rg29ds
17551,rg29dt
17552,rg29du
17553,rg29dw
17554,rg29dx
17555,rg29dy
17556,rg29dz
17557,rg29ea
17558,rg29eb
17559,rg29ed
17560,rg29ee
17561,rg29ef
17562,rg29eg
17563,rg29eh
17564,rg29ej
17565,rg29el
17566,rg29en
17567,rg29ep
17568,rg29eq
17569,rg29er
17570,rg29es
17571,rg29et
17572,rg29eu
17573,rg29ew
17574,rg29ex
17575,rg29ey
17576,rg29ez
17577,rg29fa
17578,rg29fb
17579,rg29fd
17580,rg29fe
17581,rg29ff
17582,rg29fg
17583,rg29fh
17584,rg29fj
17585,rg29fl
17586,rg29fn
17587,rg29fp
17588,rg29fq
17589,rg29fr
17590,rg29fs
17591,rg29ft
17592,rg29fu
17593,rg29fw
17594,rg29fx
17595,rg29fy
17596,rg29fz
17597,rg29ga
17598,rg29gb
17599,rg29gd
17600,rg29ge
17601,rg29gf
17602,rg29gg
17603,rg29gh
17604,rg29gj
17605,rg29gl
17606,rg29gn
17607,rg29gp
17608,rg29gq
17609,rg29gr
17610,rg29gs
17611,rg29gt
17612,rg29gu
17613,rg29gw
17614,rg29gx
17615,rg29gy
17616,rg29gz
17617,rg29ha
17618,rg29hd
17619,rg29he
17620,rg29hf
17621,rg29hg
17622,rg29hh
17623,rg29hj
17624,rg29hl
17625,rg29hn
17626,rg29hp
17627,rg29hq
17628,rg29hr
17629,rg29hs
17630,rg29ht
17631,rg29hu
17632,rg29hw
17633,rg29hx
17634,rg29hy
17635,rg29hz
17636,rg29ja
17637,rg29jb
17638,rg29jd
17639,rg29je
17640,rg29jf
17641,rg29jg
17642,rg29jh
17643,rg29jj
17644,rg29jl
17645,rg29jn
17646,rg29jp
17647,rg29jq
17648,rg29jr
17649,rg29js
17650,rg29jt
17651,rg29ju
17652,rg29jw
17653,rg29jx
17654,rg29jy
17655,rg29jz
17656,rg29la
17657,rg29lb
17658,rg29ld
17659,rg29le
17660,rg29lf
17661,rg29lg
17662,rg29lh
17663,rg29lj
17664,rg29ll
17665,rg29ln
17666,rg29lp
17667,rg29lq
17668,rg29ls
17669,rg29lt
17670,rg29lu
17671,rg29lw
17672,rg29lx
17673,rg29ly
17674,rg29lz
17675,rg29na
17676,rg29nb
17677,rg29nd
17678,rg29ne
17679,rg29nf
17680,rg29ng
17681,rg29nh
17682,rg29nj
17683,rg29nl
17684,rg29nn
17685,rg29np
17686,rg29nq
17687,rg29nr
17688,rg29ns
17689,rg29nt
17690,rg29nu
17691,rg29nw
17692,rg29nx
17693,rg29ny
17694,rg29nz
17695,rg29pa
17696,rg29pb
17697,rg29pd
17698,rg29pe
17699,rg29pf
17700,rg29pg
17701,rg29ph
17702,rg29pj
17703,rg29pl
17704,rg29pn
17705,rg29pp
17706,rg29pq
17707,rg29pr
17708,rg29ps
17709,rg29pt
17710,rg29pu
17711,rg29pw
17712,rg29px
17713,rg29py
17714,rg29pz
17715,rg29qa
17716,rg29qb
17717,rg29qd
17718,rg29qe
17719,rg29qf
17720,rg29qg
17721,rg29qh
17722,rg29qj
17723,rg29ql
17724,rg29qn
17725,rg29qp
17726,rg29qq
17727,rg29qr
17728,rg29qs
17729,rg29qt
17730,rg29qu
17731,rg29qw
17732,rg29qx
17733,rg29qy
17734,rg29qz
17735,rg29ra
17736,rg29rb
17737,rg29rd
17738,rg29re
17739,rg29rg
17740,rg29rh
17741,rg29rj
17742,rg29rl
17743,rg29rn
17744,rg29rp
17745,rg29rq
17746,rg29rr
17747,rg29rs
17748,rg29rt
17749,rg29ru
17750,rg29rw
17751,rg29rx
17752,rg29ry
17753,rg29rz
17754,rg29sa
17755,rg29sb
17756,rg29sd
17757,rg29se
17758,rg29sf
17759,rg29sg
17760,rg29sh
17761,rg29sj
17762,rg29sl
17763,rg29sn
17764,rg29sp
17765,rg29sq
17766,rg29sr
17767,rg29ss
17768,rg29st
17769,rg29su
17770,rg29sw
17771,rg29sx
17772,rg29sy
17773,rg29sz
17774,rg29ta
17775,rg29tb
17776,rg29td
17777,rg29te
17778,rg29tf
17779,rg29tg
17780,rg29th
17781,rg29tj
17782,rg29tl
17783,rg29tn
17784,rg29tp
17785,rg29tq
17786,rg29tr
17787,rg29ts
17788,rg29tt
17789,rg29tw
17790,rg29tx
17791,rg29ty
17792,rg29ua
17793,rg29un
17794,rg29up
17795,rg29uq
17796,rg29ur
17797,rg29us
17798,rg29ut
17799,rg29uu
17800,rg29uw
17801,rg29ux
17802,rg29uy
17803,rg29uz
17804,rg29wa
17805,rg29wb
17806,rg29wd
17807,rg29we
17808,rg29wg
17809,rg29wl
17810,rg29wp
17811,rg29wq
17812,rg29wr
17813,rg29wt
17814,rg29ww
17815,rg29wx
17816,rg29wy
17817,rg29wz
17818,rg29xa
17819,rg29xb
17820,rg29xd
17821,rg29xe
17822,rg29xf
17823,rg29xg
17824,rg29xh
17825,rg29xj
17826,rg29xl
17827,rg29xn
17828,rg29xp
17829,rg29xq
17830,rg29xr
17831,rg29xs
17832,rg29xt
17833,rg29xu
17834,rg29xw
17835,rg29xx
17836,rg29xy
17837,rg29xz
17838,rg29ya
17839,rg29yb
17840,rg29yd
17841,rg29ye
17842,rg29yn
17843,rg29yp
17844,rg29yq
17845,rg29yr
17846,rg29ys
17847,rg29yt
17848,rg29yu
17849,rg29yx
17850,rg29yy
17851,rg29yz
17852,rg29zh
17853,rg29zj
17854,rg29zn
17855,rg29zp
17856,rg29zq
17857,rg29zr
17858,rg29zx

